-2030.04
-3906.23
-4376.68
-4567.43
-4758.19
-4948.94
-5139.69
-5330.44
-5521.19
-5711.94
-5902.69
-6093.44
-6284.19
-6474.94
-6665.69
-6856.44
-7047.2
-7237.95
-7428.7
-7619.45
-7153.34
-6687.24
-6221.13
-5755.02
-5288.92
-4822.81
-4356.71
-3890.6
-3424.49
-2958.39
-2492.28
-2026.18
-1560.07
-1093.96
-627.859
-161.753
304.353
770.459
1236.57
1702.67
2826.56
4022.35
4376.68
4567.43
4758.19
4948.94
5139.69
5330.44
5521.19
5711.94
5902.69
6093.44
6284.19
6474.94
6665.69
6856.44
7047.2
7237.95
7428.7
7619.45
7124.89
6630.34
6135.78
5641.22
5146.67
4652.11
4157.56
3663
3168.44
2673.89
2179.33
1684.78
1190.22
695.664
201.108
-293.448
-788.004
-1282.56
-1777.12
-2271.67
-2766.23
-3260.78
-3502.93
-3745.08
-3987.23
-4229.38
-4471.52
-4713.67
-4955.82
-5197.97
-5440.12
-5682.26
-5924.41
-6166.56
-6408.71
-6650.86
-6893
-7135.15
-7377.3
-7619.45
-7810.2
-8000.95
-8191.7
-8382.45
-8573.2
-8763.95
-8954.7
-9145.46
-9336.21
-9526.96
-9717.71
-9908.46
-10099.2
-10290
-10480.7
-10671.5
-10862.2
-11053
-11243.7
-11434.5
-11084.6
-10734.7
-10384.8
-10034.9
-9685.03
-9335.14
-8985.26
-8635.37
-8285.48
-7935.6
-7585.71
-7235.82
-6885.94
-6536.05
-6186.16
-5836.28
-5486.39
-5136.5
-4786.61
-4436.73
-4086.84
-3736.95
-3387.07
-3037.18
-2687.29
-2337.41
-1987.52
-1637.63
-1287.75
-937.859
-587.972
-238.085
111.802
461.689
811.576
1161.46
1511.35
1861.24
2211.12
2561.01
2910.9
3260.78
3502.93
3745.08
3987.23
4229.38
4471.52
4713.67
4955.82
5197.97
5440.12
5682.26
5924.41
6166.56
6408.71
6650.86
6893
7135.15
7377.3
7619.45
7810.2
8000.95
8191.7
8382.45
8573.2
8763.95
8954.7
9145.46
9336.21
9526.96
9717.71
9908.46
10099.2
10290
10480.7
10671.5
10862.2
11053
11243.7
11434.5
11063.4
10692.4
10321.3
9950.3
9579.25
9208.21
8837.17
8466.13
8095.09
7724.04
7353
6981.96
6610.92
6239.87
5868.83
5497.79
5126.75
4755.71
4384.66
4013.62
3642.58
3271.54
2900.49
2529.45
2158.41
1787.37
1416.33
1045.28
674.241
303.198
-67.8438
-438.886
-809.928
-1180.97
-1552.01
-1923.06
-2294.1
-2665.14
-3036.18
-3407.22
-3778.27
-4149.31
-4520.35
-4891.39
-5073.15
-5254.9
-5436.65
-5618.4
-5800.15
-5981.91
-6163.66
-6345.41
-6527.16
-6708.91
-6890.67
-7072.42
-7254.17
-7435.92
-7617.67
-7799.43
-7981.18
-8162.93
-8344.68
-8526.43
-8708.19
-8889.94
-9071.69
-9253.44
-9435.19
-9616.95
-9798.7
-9980.45
-10162.2
-10344
-10525.7
-10707.5
-10889.2
-11071
-11252.7
-11434.5
-11625.2
-11816
-12006.7
-12197.5
-12388.2
-12579
-12769.7
-12960.5
-13151.2
-13342
-13532.7
-13723.5
-13914.2
-14105
-14295.7
-14486.5
-14677.2
-14868
-15058.7
-15249.5
-15440.2
-15631
-15821.7
-16012.5
-16203.2
-16394
-16584.7
-16775.5
-16966.2
-17157
-17347.7
-17538.5
-17729.2
-17920
-18110.7
-18301.5
-18492.2
-18683
-18873.8
-19064.5
-19255.3
-19446
-19636.8
-19827.5
-20018.3
-20209
-20399.8
-20590.5
-20781.3
-20972
-21162.8
-21353.5
-21544.3
-21735
-21925.8
-22116.5
-22307.3
-22498
-22688.8
-22879.5
-21806.2
-20940.7
-20264.4
-19950.6
-19702.1
-19453.7
-19205.3
-18956.9
-18708.5
-18460
-18211.6
-17963.2
-17714.8
-17466.4
-17217.9
-16969.5
-16721.1
-16472.7
-16224.3
-15975.8
-15727.4
-15479
-15230.6
-14982.2
-14733.7
-14485.3
-14236.9
-13988.5
-13740.1
-13491.6
-13243.2
-12994.8
-12746.4
-12498
-12249.6
-12001.1
-11752.7
-11504.3
-11255.9
-11007.5
-10759
-10510.6
-10262.2
-10013.8
-9765.36
-9516.94
-9268.52
-9020.1
-8771.68
-8523.26
-8274.84
-8026.42
-7778
-7529.58
-7281.16
-7032.74
-6784.32
-6535.9
-6287.48
-6039.06
-5790.64
-5542.23
-5293.81
-5045.39
-4796.97
-4548.55
-4300.13
-4051.71
-3803.29
-3554.87
-3306.45
-3058.03
-2809.61
-2561.19
-2312.77
-2064.35
-1815.93
-1567.51
-1319.09
-1070.67
-822.255
-573.836
-325.416
-76.9965
171.423
419.842
668.262
916.681
1165.1
1413.52
1661.94
1910.36
2158.78
2407.2
2655.62
2904.04
3152.46
3400.88
3649.3
3897.72
4146.13
4394.55
4642.97
4891.39
5073.15
5254.9
5436.65
5618.4
5800.15
5981.91
6163.66
6345.41
6527.16
6708.91
6890.67
7072.42
7254.17
7435.92
7617.67
7799.43
7981.18
8162.93
8344.68
8526.43
8708.19
8889.94
9071.69
9253.44
9435.19
9616.95
9798.7
9980.45
10162.2
10344
10525.7
10707.5
10889.2
11071
11252.7
11434.5
11625.2
11816
12006.7
12197.5
12388.2
12579
12769.7
12960.5
13151.2
13342
13532.7
13723.5
13914.2
14105
14295.7
14486.5
14677.2
14868
15058.7
15249.5
15440.2
15631
15821.7
16012.5
16203.2
16394
16584.7
16775.5
16966.2
17157
17347.7
17538.5
17729.2
17920
18110.7
18301.5
18492.2
18683
18873.8
19064.5
19255.3
19446
19636.8
19827.5
20018.3
20209
20399.8
20590.5
20781.3
20972
21162.8
21353.5
21544.3
21735
21925.8
22116.5
22307.3
22498
22688.8
22879.5
21788.3
20901.7
20201.3
19857.4
19577.8
19298.1
19018.5
18738.9
18459.2
18179.6
17900
17620.4
17340.7
17061.1
16781.5
16501.8
16222.2
15942.6
15663
15383.3
15103.7
14824.1
14544.4
14264.8
13985.2
13705.6
13425.9
13146.3
12866.7
12587
12307.4
12027.8
11748.2
11468.5
11188.9
10909.3
10629.6
10350
10070.4
9790.76
9511.13
9231.5
8951.88
8672.25
8392.62
8112.99
7833.36
7553.73
7274.11
6994.48
6714.85
6435.22
6155.59
5875.96
5596.34
5316.71
5037.08
4757.45
4477.82
4198.19
3918.57
3638.94
3359.31
3079.68
2800.05
2520.43
2240.8
1961.17
1681.54
1401.91
1122.28
842.655
563.027
283.399
3.77059
-275.858
-555.486
-835.114
-1114.74
-1394.37
-1674
-1953.63
-2233.26
-2512.88
-2792.51
-3072.14
-3351.77
-3631.4
-3911.03
-4190.65
-4470.28
-4749.91
-5029.54
-5309.17
-5588.8
-5868.42
-6148.05
-6427.68
-6707.31
-6986.94
-7266.56
-7546.19
-7825.82
-8105.45
-8385.08
-8664.71
-8944.33
-9223.96
-9503.59
-9783.22
-9928.73
-10074.2
-10219.8
-10365.3
-10510.8
-10656.3
-10801.8
-10947.3
-11092.8
-11238.4
-11383.9
-11529.4
-11674.9
-11820.4
-11965.9
-12111.5
-12257
-12402.5
-12548
-12693.5
-12839
-12984.5
-13130.1
-13275.6
-13421.1
-13566.6
-13712.1
-13857.6
-14003.1
-14148.7
-14294.2
-14439.7
-14585.2
-14730.7
-14876.2
-15021.7
-15167.3
-15312.8
-15458.3
-15603.8
-15749.3
-15894.8
-16040.3
-16185.9
-16331.4
-16476.9
-16622.4
-16767.9
-16913.4
-17058.9
-17204.5
-17350
-17495.5
-17641
-17786.5
-17932
-18077.5
-18223.1
-18368.6
-18514.1
-18659.6
-18805.1
-18950.6
-19096.1
-19241.7
-19387.2
-19532.7
-19678.2
-19823.7
-19969.2
-20114.7
-20260.3
-20405.8
-20551.3
-20696.8
-20842.3
-20987.8
-21133.3
-21278.9
-21424.4
-21569.9
-21715.4
-21860.9
-22006.4
-22151.9
-22297.5
-22443
-22588.5
-22734
-22879.5
-23070.3
-23261
-23451.8
-23642.5
-23833.3
-24024
-24214.8
-24405.5
-24596.3
-24787
-24977.8
-25168.5
-25359.3
-25550
-25740.8
-25931.5
-26122.3
-26313
-26503.8
-26694.5
-26885.3
-27076
-27266.8
-27457.5
-27648.3
-27839
-28029.8
-28220.5
-28411.3
-28602
-28792.8
-28983.5
-29174.3
-29365
-29555.8
-29746.6
-29937.3
-30128.1
-30318.8
-30509.6
-30700.3
-30891.1
-31081.8
-31272.6
-31463.3
-31654.1
-31844.8
-32035.6
-32226.3
-32417.1
-32607.8
-32798.6
-32989.3
-33180.1
-33370.8
-33561.6
-33752.3
-33943.1
-34133.8
-34324.6
-32294.5
-30264.5
-28536.3
-27459
-26381.8
-25304.6
-24382
-23605.1
-23179.2
-22974.5
-22769.8
-22565
-22360.3
-22155.5
-21950.8
-21746.1
-21541.3
-21336.6
-21131.9
-20927.1
-20722.4
-20517.7
-20312.9
-20108.2
-19903.5
-19698.7
-19494
-19289.2
-19084.5
-18879.8
-18675
-18470.3
-18265.6
-18060.8
-17856.1
-17651.4
-17446.6
-17241.9
-17037.2
-16832.4
-16627.7
-16422.9
-16218.2
-16013.5
-15808.7
-15604
-15399.3
-15194.5
-14989.8
-14785.1
-14580.3
-14375.6
-14170.9
-13966.1
-13761.4
-13556.6
-13351.9
-13147.2
-12942.4
-12737.7
-12533
-12328.2
-12123.5
-11918.8
-11714
-11509.3
-11304.6
-11099.8
-10895.1
-10690.3
-10485.6
-10280.9
-10076.1
-9871.41
-9666.67
-9461.94
-9257.2
-9052.46
-8847.73
-8642.99
-8438.26
-8233.52
-8028.79
-7824.05
-7619.31
-7414.58
-7209.84
-7005.11
-6800.37
-6595.64
-6390.9
-6186.16
-5981.43
-5776.69
-5571.96
-5367.22
-5162.49
-4957.75
-4753.01
-4548.28
-4343.54
-4138.81
-3934.07
-3729.34
-3524.6
-3319.86
-3115.13
-2910.39
-2705.66
-2500.92
-2296.19
-2091.45
-1886.72
-1681.98
-1477.24
-1272.51
-1067.77
-863.037
-658.301
-453.565
-248.83
-44.0938
160.642
365.378
570.113
774.849
979.585
1184.32
1389.06
1593.79
1798.53
2003.26
2208
2412.73
2617.47
2822.21
3026.94
3231.68
3436.41
3641.15
3845.88
4050.62
4255.36
4460.09
4664.83
4869.56
5074.3
5279.03
5483.77
5688.51
5893.24
6097.98
6302.71
6507.45
6712.18
6916.92
7121.66
7326.39
7531.13
7735.86
7940.6
8145.33
8350.07
8554.81
8759.54
8964.28
9169.01
9373.75
9578.48
9783.22
9928.73
10074.2
10219.8
10365.3
10510.8
10656.3
10801.8
10947.3
11092.8
11238.4
11383.9
11529.4
11674.9
11820.4
11965.9
12111.5
12257
12402.5
12548
12693.5
12839
12984.5
13130.1
13275.6
13421.1
13566.6
13712.1
13857.6
14003.1
14148.7
14294.2
14439.7
14585.2
14730.7
14876.2
15021.7
15167.3
15312.8
15458.3
15603.8
15749.3
15894.8
16040.3
16185.9
16331.4
16476.9
16622.4
16767.9
16913.4
17058.9
17204.5
17350
17495.5
17641
17786.5
17932
18077.5
18223.1
18368.6
18514.1
18659.6
18805.1
18950.6
19096.1
19241.7
19387.2
19532.7
19678.2
19823.7
19969.2
20114.7
20260.3
20405.8
20551.3
20696.8
20842.3
20987.8
21133.3
21278.9
21424.4
21569.9
21715.4
21860.9
22006.4
22151.9
22297.5
22443
22588.5
22734
22879.5
23070.3
23261
23451.8
23642.5
23833.3
24024
24214.8
24405.5
24596.3
24787
24977.8
25168.5
25359.3
25550
25740.8
25931.5
26122.3
26313
26503.8
26694.5
26885.3
27076
27266.8
27457.5
27648.3
27839
28029.8
28220.5
28411.3
28602
28792.8
28983.5
29174.3
29365
29555.8
29746.6
29937.3
30128.1
30318.8
30509.6
30700.3
30891.1
31081.8
31272.6
31463.3
31654.1
31844.8
32035.6
32226.3
32417.1
32607.8
32798.6
32989.3
33180.1
33370.8
33561.6
33752.3
33943.1
34133.8
34324.6
32294.5
30264.5
28532.5
27443.5
26354.4
25265.4
24329.3
23537.5
23092.7
22866.5
22640.3
22414.2
22188
21961.9
21735.7
21509.6
21283.4
21057.3
20831.1
20605
20378.8
20152.7
19926.5
19700.3
19474.2
19248
19021.9
18795.7
18569.6
18343.4
18117.3
17891.1
17665
17438.8
17212.7
16986.5
16760.3
16534.2
16308
16081.9
15855.7
15629.6
15403.4
15177.3
14951.1
14725
14498.8
14272.7
14046.5
13820.3
13594.2
13368
13141.9
12915.7
12689.6
12463.4
12237.3
12011.1
11785
11558.8
11332.7
11106.5
10880.3
10654.2
10428
10201.9
9975.73
9749.57
9523.42
9297.27
9071.11
8844.96
8618.8
8392.65
8166.5
7940.34
7714.19
7488.03
7261.88
7035.73
6809.57
6583.42
6357.26
6131.11
5904.96
5678.8
5452.65
5226.5
5000.34
4774.19
4548.03
4321.88
4095.73
3869.57
3643.42
3417.26
3191.11
2964.96
2738.8
2512.65
2286.5
2060.34
1834.19
1608.03
1381.88
1155.73
929.572
703.418
477.264
251.11
24.9564
-201.197
-427.351
-653.505
-879.659
-1105.81
-1331.97
-1558.12
-1784.27
-2010.43
-2236.58
-2462.74
-2688.89
-2915.04
-3141.2
-3367.35
-3593.51
-3819.66
-4045.81
-4271.97
-4498.12
-4724.27
-4950.43
-5176.58
-5402.74
-5628.89
-5855.04
-6081.2
-6307.35
-6533.51
-6759.66
-6985.81
-7211.97
-7438.12
-7664.28
-7890.43
-8116.58
-8342.74
-8568.89
-8795.04
-9021.2
-9247.35
-9473.51
-9699.66
-9925.81
-10152
-10378.1
-10604.3
-10830.4
-11056.6
-11282.7
-11508.9
-11735
-11961.2
-12187.4
-12413.5
-12639.7
-12865.8
-13092
-13318.1
-13544.3
-13770.4
-13996.6
-14222.7
-14448.9
-14675
-14811.5
-14948
-15084.4
-15220.9
-15357.3
-15493.8
-15630.2
-15766.7
-15903.1
-16039.6
-16176.1
-16312.5
-16449
-16585.4
-16721.9
-16858.3
-16994.8
-17131.2
-17267.7
-17404.1
-17540.6
-17677.1
-17813.5
-17950
-18086.4
-18222.9
-18359.3
-18495.8
-18632.2
-18768.7
-18905.2
-19041.6
-19178.1
-19314.5
-19451
-19587.4
-19723.9
-19860.3
-19996.8
-20133.2
-20269.7
-20406.2
-20542.6
-20679.1
-20815.5
-20952
-21088.4
-21224.9
-21361.3
-21497.8
-21634.3
-21770.7
-21907.2
-22043.6
-22180.1
-22316.5
-22453
-22589.4
-22725.9
-22862.3
-22998.8
-23135.3
-23271.7
-23408.2
-23544.6
-23681.1
-23817.5
-23954
-24090.4
-24226.9
-24363.4
-24499.8
-24636.3
-24772.7
-24909.2
-25045.6
-25182.1
-25318.5
-25455
-25591.4
-25727.9
-25864.4
-26000.8
-26137.3
-26273.7
-26410.2
-26546.6
-26683.1
-26819.5
-26956
-27092.5
-27228.9
-27365.4
-27501.8
-27638.3
-27774.7
-27911.2
-28047.6
-28184.1
-28320.5
-28457
-28593.5
-28729.9
-28866.4
-29002.8
-29139.3
-29275.7
-29412.2
-29548.6
-29685.1
-29821.6
-29958
-30094.5
-30230.9
-30367.4
-30503.8
-30640.3
-30776.7
-30913.2
-31049.7
-31186.1
-31322.6
-31459
-31595.5
-31731.9
-31868.4
-32004.8
-32141.3
-32277.7
-32414.2
-32550.7
-32687.1
-32823.6
-32960
-33096.5
-33232.9
-33369.4
-33505.8
-33642.3
-33778.8
-33915.2
-34051.7
-34188.1
-34324.6
-34515.3
-34706.1
-34896.8
-35087.6
-35272.1
-35455.7
-35639.3
-35823
-36006.6
-36190.2
-36373.9
-36557.5
-36741.1
-36924.7
-37108.4
-37292
-37475.6
-37659.3
-37842.9
-38026.5
-38210.1
-38393.8
-38577.4
-38761
-38944.7
-39128.3
-39311.9
-39495.5
-39673.4
-39850.8
-40028.2
-40205.6
-40383
-40560.4
-40737.9
-40915.3
-41092.7
-41270.1
-41447.5
-41624.9
-39594.9
-37564.8
-35534.8
-33504.8
-31474.7
-29444.7
-27850.2
-26785.6
-25720.9
-24658.6
-23835.4
-23389.9
-23203.3
-23016.7
-22830.1
-22643.5
-22456.9
-22270.3
-22083.8
-21897.2
-21710.6
-21524
-21337.4
-21150.8
-20964.2
-20777.6
-20591
-20404.4
-20217.8
-20031.2
-19844.6
-19658
-19471.5
-19284.9
-19098.3
-18911.7
-18725.1
-18538.5
-18351.9
-18165.3
-17978.7
-17792.1
-17605.5
-17418.9
-17232.3
-17045.7
-16859.2
-16672.6
-16486
-16299.4
-16112.8
-15926.2
-15739.6
-15553
-15366.4
-15179.8
-14993.2
-14806.6
-14620
-14433.4
-14246.9
-14060.3
-13873.7
-13687.1
-13500.5
-13313.9
-13127.3
-12940.7
-12754.1
-12567.5
-12380.9
-12194.3
-12007.7
-11821.1
-11634.6
-11448
-11261.4
-11074.8
-10888.2
-10701.6
-10515
-10328.4
-10141.8
-9955.22
-9768.62
-9582.03
-9395.44
-9208.85
-9022.25
-8835.66
-8649.07
-8462.47
-8275.88
-8089.29
-7902.7
-7716.1
-7529.51
-7342.92
-7156.32
-6969.73
-6783.14
-6596.55
-6409.95
-6223.36
-6036.77
-5850.17
-5663.58
-5476.99
-5290.4
-5103.8
-4917.21
-4730.62
-4544.02
-4357.43
-4170.84
-3984.24
-3797.65
-3611.06
-3424.47
-3237.87
-3051.28
-2864.69
-2678.09
-2491.5
-2304.91
-2118.32
-1931.72
-1745.13
-1558.54
-1371.94
-1185.35
-998.758
-812.165
-625.572
-438.98
-252.387
-65.7938
120.799
307.392
493.985
680.578
867.171
1053.76
1240.36
1426.95
1613.54
1800.14
1986.73
2173.32
2359.91
2546.51
2733.1
2919.69
3106.29
3292.88
3479.47
3666.06
3852.66
4039.25
4225.84
4412.44
4599.03
4785.62
4972.21
5158.81
5345.4
5531.99
5718.59
5905.18
6091.77
6278.36
6464.96
6651.55
6838.14
7024.74
7211.33
7397.92
7584.52
7771.11
7957.7
8144.29
8330.89
8517.48
8704.07
8890.67
9077.26
9263.85
9450.44
9637.04
9823.63
10010.2
10196.8
10383.4
10570
10756.6
10943.2
11129.8
11316.4
11503
11689.6
11876.2
12062.7
12249.3
12435.9
12622.5
12809.1
12995.7
13182.3
13368.9
13555.5
13742.1
13928.7
14115.3
14301.9
14488.5
14675
14811.5
14948
15084.4
15220.9
15357.3
15493.8
15630.2
15766.7
15903.1
16039.6
16176.1
16312.5
16449
16585.4
16721.9
16858.3
16994.8
17131.2
17267.7
17404.1
17540.6
17677.1
17813.5
17950
18086.4
18222.9
18359.3
18495.8
18632.2
18768.7
18905.2
19041.6
19178.1
19314.5
19451
19587.4
19723.9
19860.3
19996.8
20133.2
20269.7
20406.2
20542.6
20679.1
20815.5
20952
21088.4
21224.9
21361.3
21497.8
21634.3
21770.7
21907.2
22043.6
22180.1
22316.5
22453
22589.4
22725.9
22862.3
22998.8
23135.3
23271.7
23408.2
23544.6
23681.1
23817.5
23954
24090.4
24226.9
24363.4
24499.8
24636.3
24772.7
24909.2
25045.6
25182.1
25318.5
25455
25591.4
25727.9
25864.4
26000.8
26137.3
26273.7
26410.2
26546.6
26683.1
26819.5
26956
27092.5
27228.9
27365.4
27501.8
27638.3
27774.7
27911.2
28047.6
28184.1
28320.5
28457
28593.5
28729.9
28866.4
29002.8
29139.3
29275.7
29412.2
29548.6
29685.1
29821.6
29958
30094.5
30230.9
30367.4
30503.8
30640.3
30776.7
30913.2
31049.7
31186.1
31322.6
31459
31595.5
31731.9
31868.4
32004.8
32141.3
32277.7
32414.2
32550.7
32687.1
32823.6
32960
33096.5
33232.9
33369.4
33505.8
33642.3
33778.8
33915.2
34051.7
34188.1
34324.6
34515.3
34706.1
34896.8
35087.6
35272.1
35455.7
35639.3
35823
36006.6
36190.2
36373.9
36557.5
36741.1
36924.7
37108.4
37292
37475.6
37659.3
37842.9
38026.5
38210.1
38393.8
38577.4
38761
38944.7
39128.3
39311.9
39495.5
39673.4
39850.8
40028.2
40205.6
40383
40560.4
40737.9
40915.3
41092.7
41270.1
41447.5
41624.9
39594.9
37564.8
35534.8
33504.8
31474.7
29444.7
27847.2
26776
25704.7
24635.7
23804.5
23349
23151.1
22953.3
22755.4
22557.6
22359.7
22161.9
21964
21766.2
21568.3
21370.4
21172.6
20974.7
20776.9
20579
20381.2
20183.3
19985.5
19787.6
19589.8
19391.9
19194.1
18996.2
18798.4
18600.5
18402.7
18204.8
18007
17809.1
17611.2
17413.4
17215.5
17017.7
16819.8
16622
16424.1
16226.3
16028.4
15830.6
15632.7
15434.9
15237
15039.2
14841.3
14643.5
14445.6
14247.7
14049.9
13852
13654.2
13456.3
13258.5
13060.6
12862.8
12664.9
12467.1
12269.2
12071.4
11873.5
11675.7
11477.8
11280
11082.1
10884.3
10686.4
10488.5
10290.7
10092.8
9894.99
9697.14
9499.28
9301.43
9103.58
8905.73
8707.87
8510.02
8312.17
8114.32
7916.46
7718.61
7520.76
7322.9
7125.05
6927.2
6729.35
6531.49
6333.64
6135.79
5937.94
5740.08
5542.23
5344.38
5146.52
4948.67
4750.82
4552.97
4355.11
4157.26
3959.41
3761.56
3563.7
3365.85
3168
2970.14
2772.29
2574.44
2376.59
2178.73
1980.88
1783.03
1585.18
1387.32
1189.47
991.618
793.765
595.912
398.059
200.207
2.354
-195.499
-393.351
-591.204
-789.057
-986.91
-1184.76
-1382.62
-1580.47
-1778.32
-1976.17
-2174.03
-2371.88
-2569.73
-2767.58
-2965.44
-3163.29
-3361.14
-3558.99
-3756.85
-3954.7
-4152.55
-4350.41
-4548.26
-4746.11
-4943.96
-5141.82
-5339.67
-5537.52
-5735.37
-5933.23
-6131.08
-6328.93
-6526.79
-6724.64
-6922.49
-7120.34
-7318.2
-7516.05
-7713.9
-7911.75
-8109.61
-8307.46
-8505.31
-8703.17
-8901.02
-9098.87
-9296.72
-9494.58
-9692.43
-9890.28
-10088.1
-10286
-10483.8
-10681.7
-10879.5
-11077.4
-11275.3
-11473.1
-11671
-11868.8
-12066.7
-12264.5
-12462.4
-12660.2
-12858.1
-13055.9
-13253.8
-13451.6
-13649.5
-13847.3
-14045.2
-14243
-14440.9
-14638.7
-14836.6
-15034.5
-15232.3
-15430.2
-15628
-15825.9
-16023.7
-16221.6
-16419.4
-16617.3
-16815.1
-17013
-17210.8
-17408.7
-17606.5
-17804.4
-17936.7
-18069.1
-18201.4
-18333.7
-18466.1
-18598.4
-18730.7
-18863.1
-18995.4
-19127.8
-19260.1
-19392.4
-19524.8
-19657.1
-19789.4
-19921.8
-20054.1
-20186.4
-20318.8
-20451.1
-20583.5
-20715.8
-20848.1
-20980.5
-21112.8
-21245.1
-21377.5
-21509.8
-21642.1
-21774.5
-21906.8
-22039.2
-22171.5
-22303.8
-22436.2
-22568.5
-22700.8
-22833.2
-22965.5
-23097.8
-23230.2
-23362.5
-23494.9
-23627.2
-23759.5
-23891.9
-24024.2
-24156.5
-24288.9
-24421.2
-24553.5
-24685.9
-24818.2
-24950.6
-25082.9
-25215.2
-25347.6
-25479.9
-25612.2
-25744.6
-25876.9
-26009.2
-26141.6
-26273.9
-26406.3
-26538.6
-26670.9
-26803.3
-26935.6
-27067.9
-27200.3
-27332.6
-27464.9
-27597.3
-27729.6
-27862
-27994.3
-28126.6
-28259
-28391.3
-28523.6
-28656
-28788.3
-28920.6
-29053
-29185.3
-29317.6
-29450
-29582.3
-29714.7
-29847
-29979.3
-30111.7
-30244
-30376.3
-30508.7
-30641
-30773.3
-30905.7
-31038
-31170.4
-31302.7
-31435
-31567.4
-31699.7
-31832
-31964.4
-32096.7
-32229
-32361.4
-32493.7
-32626.1
-32758.4
-32890.7
-33023.1
-33155.4
-33287.7
-33420.1
-33552.4
-33684.7
-33817.1
-33949.4
-34081.8
-34214.1
-34346.4
-34478.8
-34611.1
-34743.4
-34875.8
-35008.1
-35140.4
-35272.8
-35405.1
-35537.5
-35669.8
-35802.1
-35934.5
-36066.8
-36199.1
-36331.5
-36463.8
-36596.1
-36728.5
-36860.8
-36993.2
-37125.5
-37257.8
-37390.2
-37522.5
-37654.8
-37787.2
-37919.5
-38051.8
-38184.2
-38316.5
-38448.9
-38581.2
-38713.5
-38845.9
-38978.2
-39110.5
-39242.9
-39375.2
-39507.5
-39639.9
-39772.2
-39904.6
-40036.9
-40169.2
-40301.6
-40433.9
-40566.2
-40698.6
-40830.9
-40963.2
-41095.6
-41227.9
-41360.3
-41492.6
-41624.9
-41802.3
-41979.8
-42157.2
-42334.6
-42512
-42689.4
-42866.8
-43044.2
-43221.7
-43399.1
-43576.5
-43753.9
-43931.3
-44108.7
-44286.1
-44463.6
-44641
-44818.4
-44995.8
-45173.2
-45350.6
-45528
-45705.5
-45882.9
-46060.3
-46237.7
-46415.1
-46592.5
-46765.4
-46937.7
-47110
-47282.3
-47454.6
-47626.9
-47799.2
-47971.4
-48143.7
-48316
-48488.3
-48660.6
-48832.9
-49005.2
-49177.5
-49349.8
-49522.1
-49694.3
-49866.6
-50038.9
-50211.2
-50383.5
-50555.8
-50728.1
-50900.4
-51072.7
-51245
-51417.3
-51589.5
-51761.8
-51934.1
-52106.4
-52278.7
-52451
-52623.3
-52795.6
-52967.9
-53140.2
-53250.5
-53355.8
-53461
-53566.3
-53671.6
-53776.8
-53882.1
-53987.4
-54092.7
-54197.9
-54303.2
-54408.5
-54513.7
-54593.4
-54672.9
-54752.4
-54831.9
-54911.4
-54990.8
-55070.3
-55149.8
-55229.3
-55308.8
-55388.2
-55467.7
-55547.2
-55626.7
-55706.2
-55785.6
-55865.1
-55944.6
-56024.1
-56103.6
-56183
-54153
-52122.9
-50092.9
-48062.9
-46032.8
-44002.8
-41972.7
-39942.7
-37912.7
-35882.6
-33852.6
-31822.5
-29792.5
-27762.5
-26616.8
-25582.9
-24549
-23854.1
-23614.2
-23476.6
-23339
-23201.4
-23063.8
-22926.2
-22788.6
-22651
-22513.4
-22375.8
-22238.2
-22100.6
-21963
-21825.4
-21687.8
-21550.1
-21412.5
-21274.9
-21137.3
-20999.7
-20862.1
-20724.5
-20586.9
-20449.3
-20311.7
-20174.1
-20036.5
-19898.9
-19761.3
-19623.7
-19486.1
-19348.5
-19210.9
-19073.3
-18935.7
-18798.1
-18660.5
-18522.9
-18385.3
-18247.7
-18110.1
-17972.5
-17834.9
-17697.3
-17559.7
-17422
-17284.4
-17146.8
-17009.2
-16871.6
-16734
-16596.4
-16458.8
-16321.2
-16183.6
-16046
-15908.4
-15770.8
-15633.2
-15495.6
-15358
-15220.4
-15082.8
-14945.2
-14807.6
-14670
-14532.4
-14394.8
-14257.2
-14119.6
-13982
-13844.4
-13706.8
-13569.2
-13431.6
-13294
-13156.3
-13018.7
-12881.1
-12743.5
-12605.9
-12468.3
-12330.7
-12193.1
-12055.5
-11917.9
-11780.3
-11642.7
-11505.1
-11367.5
-11229.9
-11092.3
-10954.7
-10817.1
-10679.5
-10541.9
-10404.3
-10266.7
-10129.1
-9991.47
-9853.87
-9716.26
-9578.66
-9441.06
-9303.46
-9165.85
-9028.25
-8890.65
-8753.04
-8615.44
-8477.84
-8340.23
-8202.63
-8065.03
-7927.42
-7789.82
-7652.22
-7514.61
-7377.01
-7239.41
-7101.8
-6964.2
-6826.6
-6688.99
-6551.39
-6413.79
-6276.18
-6138.58
-6000.98
-5863.37
-5725.77
-5588.17
-5450.56
-5312.96
-5175.36
-5037.75
-4900.15
-4762.55
-4624.94
-4487.34
-4349.74
-4212.13
-4074.53
-3936.93
-3799.32
-3661.72
-3524.12
-3386.51
-3248.91
-3111.31
-2973.7
-2836.1
-2698.5
-2560.89
-2423.29
-2285.69
-2148.08
-2010.48
-1872.88
-1735.27
-1597.67
-1460.07
-1322.46
-1184.86
-1047.26
-909.655
-772.052
-634.449
-496.845
-359.242
-221.639
-84.0354
53.5679
191.171
328.774
466.378
603.981
741.584
879.188
1016.79
1154.39
1292
1429.6
1567.2
1704.81
1842.41
1980.01
2117.62
2255.22
2392.82
2530.43
2668.03
2805.63
2943.24
3080.84
3218.44
3356.05
3493.65
3631.25
3768.86
3906.46
4044.06
4181.67
4319.27
4456.87
4594.48
4732.08
4869.68
5007.29
5144.89
5282.49
5420.1
5557.7
5695.3
5832.91
5970.51
6108.11
6245.72
6383.32
6520.92
6658.53
6796.13
6933.73
7071.34
7208.94
7346.54
7484.14
7621.75
7759.35
7896.95
8034.56
8172.16
8309.76
8447.37
8584.97
8722.57
8860.18
8997.78
9135.38
9272.99
9410.59
9548.19
9685.8
9823.4
9961
10098.6
10236.2
10373.8
10511.4
10649
10786.6
10924.2
11061.8
11199.4
11337
11474.6
11612.2
11749.8
11887.4
12025.1
12162.7
12300.3
12437.9
12575.5
12713.1
12850.7
12988.3
13125.9
13263.5
13401.1
13538.7
13676.3
13813.9
13951.5
14089.1
14226.7
14364.3
14501.9
14639.5
14777.1
14914.7
15052.3
15189.9
15327.5
15465.1
15602.7
15740.3
15877.9
16015.5
16153.2
16290.8
16428.4
16566
16703.6
16841.2
16978.8
17116.4
17254
17391.6
17529.2
17666.8
17804.4
17936.7
18069.1
18201.4
18333.7
18466.1
18598.4
18730.7
18863.1
18995.4
19127.8
19260.1
19392.4
19524.8
19657.1
19789.4
19921.8
20054.1
20186.4
20318.8
20451.1
20583.5
20715.8
20848.1
20980.5
21112.8
21245.1
21377.5
21509.8
21642.1
21774.5
21906.8
22039.2
22171.5
22303.8
22436.2
22568.5
22700.8
22833.2
22965.5
23097.8
23230.2
23362.5
23494.9
23627.2
23759.5
23891.9
24024.2
24156.5
24288.9
24421.2
24553.5
24685.9
24818.2
24950.6
25082.9
25215.2
25347.6
25479.9
25612.2
25744.6
25876.9
26009.2
26141.6
26273.9
26406.3
26538.6
26670.9
26803.3
26935.6
27067.9
27200.3
27332.6
27464.9
27597.3
27729.6
27862
27994.3
28126.6
28259
28391.3
28523.6
28656
28788.3
28920.6
29053
29185.3
29317.6
29450
29582.3
29714.7
29847
29979.3
30111.7
30244
30376.3
30508.7
30641
30773.3
30905.7
31038
31170.4
31302.7
31435
31567.4
31699.7
31832
31964.4
32096.7
32229
32361.4
32493.7
32626.1
32758.4
32890.7
33023.1
33155.4
33287.7
33420.1
33552.4
33684.7
33817.1
33949.4
34081.8
34214.1
34346.4
34478.8
34611.1
34743.4
34875.8
35008.1
35140.4
35272.8
35405.1
35537.5
35669.8
35802.1
35934.5
36066.8
36199.1
36331.5
36463.8
36596.1
36728.5
36860.8
36993.2
37125.5
37257.8
37390.2
37522.5
37654.8
37787.2
37919.5
38051.8
38184.2
38316.5
38448.9
38581.2
38713.5
38845.9
38978.2
39110.5
39242.9
39375.2
39507.5
39639.9
39772.2
39904.6
40036.9
40169.2
40301.6
40433.9
40566.2
40698.6
40830.9
40963.2
41095.6
41227.9
41360.3
41492.6
41624.9
41802.3
41979.8
42157.2
42334.6
42512
42689.4
42866.8
43044.2
43221.7
43399.1
43576.5
43753.9
43931.3
44108.7
44286.1
44463.6
44641
44818.4
44995.8
45173.2
45350.6
45528
45705.5
45882.9
46060.3
46237.7
46415.1
46592.5
46765.4
46937.7
47110
47282.3
47454.6
47626.9
47799.2
47971.4
48143.7
48316
48488.3
48660.6
48832.9
49005.2
49177.5
49349.8
49522.1
49694.3
49866.6
50038.9
50211.2
50383.5
50555.8
50728.1
50900.4
51072.7
51245
51417.3
51589.5
51761.8
51934.1
52106.4
52278.7
52451
52623.3
52795.6
52967.9
53140.2
53250.5
53355.8
53461
53566.3
53671.6
53776.8
53882.1
53987.4
54092.7
54197.9
54303.2
54408.5
54513.7
54593.4
54672.9
54752.4
54831.9
54911.4
54990.8
55070.3
55149.8
55229.3
55308.8
55388.2
55467.7
55547.2
55626.7
55706.2
55785.6
55865.1
55944.6
56024.1
56103.6
56183
54153
52122.9
50092.9
48062.9
46032.8
44002.8
41972.7
39942.7
37912.7
35882.6
33852.6
31822.5
29792.5
27762.5
26608.9
25566
24523.2
23845.4
23590.8
23437.7
23284.5
23131.4
22978.2
22825.1
22671.9
22518.8
22365.6
22212.5
22059.4
21906.2
21753.1
21599.9
21446.8
21293.6
21140.5
20987.3
20834.2
20681.1
20527.9
20374.8
20221.6
20068.5
19915.3
19762.2
19609.1
19455.9
19302.8
19149.6
18996.5
18843.3
18690.2
18537
18383.9
18230.8
18077.6
17924.5
17771.3
17618.2
17465
17311.9
17158.8
17005.6
16852.5
16699.3
16546.2
16393
16239.9
16086.7
15933.6
15780.5
15627.3
15474.2
15321
15167.9
15014.7
14861.6
14708.4
14555.3
14402.2
14249
14095.9
13942.7
13789.6
13636.4
13483.3
13330.2
13177
13023.9
12870.7
12717.6
12564.4
12411.3
12258.1
12105
11951.9
11798.7
11645.6
11492.4
11339.3
11186.1
11033
10879.8
10726.7
10573.6
10420.4
10267.3
10114.1
9960.99
9807.84
9654.7
9501.55
9348.41
9195.27
9042.12
8888.98
8735.83
8582.69
8429.55
8276.4
8123.26
7970.12
7816.97
7663.83
7510.68
7357.54
7204.4
7051.25
6898.11
6744.96
6591.82
6438.68
6285.53
6132.39
5979.24
5826.1
5672.96
5519.81
5366.67
5213.52
5060.38
4907.24
4754.09
4600.95
4447.81
4294.66
4141.52
3988.37
3835.23
3682.09
3528.94
3375.8
3222.65
3069.51
2916.37
2763.22
2610.08
2456.93
2303.79
2150.65
1997.5
1844.36
1691.22
1538.07
1384.93
1231.78
1078.64
925.495
772.352
619.208
466.064
312.92
159.776
6.63199
-146.512
-299.656
-452.8
-605.944
-759.088
-912.231
-1065.38
-1218.52
-1371.66
-1524.81
-1677.95
-1831.09
-1984.24
-2137.38
-2290.53
-2443.67
-2596.81
-2749.96
-2903.1
-3056.25
-3209.39
-3362.53
-3515.68
-3668.82
-3821.97
-3975.11
-4128.25
-4281.4
-4434.54
-4587.69
-4740.83
-4893.97
-5047.12
-5200.26
-5353.4
-5506.55
-5659.69
-5812.84
-5965.98
-6119.12
-6272.27
-6425.41
-6578.56
-6731.7
-6884.84
-7037.99
-7191.13
-7344.28
-7497.42
-7650.56
-7803.71
-7956.85
-8110
-8263.14
-8416.28
-8569.43
-8722.57
-8875.71
-9028.86
-9182
-9335.15
-9488.29
-9641.43
-9794.58
-9947.72
-10100.9
-10254
-10407.2
-10560.3
-10713.4
-10866.6
-11019.7
-11172.9
-11326
-11479.2
-11632.3
-11785.4
-11938.6
-12091.7
-12244.9
-12398
-12551.2
-12704.3
-12857.5
-13010.6
-13163.7
-13316.9
-13470
-13623.2
-13776.3
-13929.5
-14082.6
-14235.8
-14388.9
-14542
-14695.2
-14848.3
-15001.5
-15154.6
-15307.8
-15460.9
-15614
-15767.2
-15920.3
-16073.5
-16226.6
-16379.8
-16532.9
-16686.1
-16839.2
-16992.3
-17145.5
-17298.6
-17451.8
-17604.9
-17758.1
-17911.2
-18064.3
-18217.5
-18370.6
-18523.8
-18676.9
-18830.1
-18983.2
-19136.4
-19289.5
-19442.6
-19595.8
-19748.9
-19902.1
-20055.2
-20208.4
-20361.5
-20514.7
-20667.8
-20820.9
-20974.1
-21127.2
-21280.4
-21433.5
-21586.7
-21739.8
-21892.9
-22046.1
-22199.2
-22352.4
-22505.5
-22658.7
-22811.8
-22965
-23118.1
-23271.2
-23424.4
-23577.5
-23730.7
-23883.8
-24037
-24156
-24275.1
-24394.1
-24513.2
-24632.3
-24751.3
-24870.4
-24989.4
-25108.5
-25227.6
-25346.6
-25465.7
-25584.7
-25703.8
-25822.9
-25941.9
-26061
-26180
-26299.1
-26418.2
-26537.2
-26656.3
-26775.3
-26894.4
-27013.4
-27132.5
-27251.6
-27370.6
-27489.7
-27608.7
-27727.8
-27846.9
-27965.9
-28085
-28204
-28323.1
-28442.2
-28561.2
-28680.3
-28799.3
-28918.4
-29037.5
-29156.5
-29275.6
-29394.6
-29513.7
-29632.8
-29751.8
-29870.9
-29989.9
-30109
-30228.1
-30347.1
-30466.2
-30585.2
-30704.3
-30823.4
-30942.4
-31061.5
-31180.5
-31299.6
-31418.7
-31537.7
-31656.8
-31775.8
-31894.9
-32013.9
-32133
-32252.1
-32371.1
-32490.2
-32609.2
-32728.3
-32847.4
-32966.4
-33085.5
-33204.5
-33323.6
-33442.7
-33561.7
-33680.8
-33799.8
-33918.9
-34038
-34157
-34276.1
-34395.1
-34514.2
-34633.3
-34752.3
-34871.4
-34990.4
-35109.5
-35228.6
-35347.6
-35466.7
-35585.7
-35704.8
-35823.9
-35942.9
-36062
-36181
-36300.1
-36419.2
-36538.2
-36657.3
-36776.3
-36895.4
-37014.4
-37133.5
-37252.6
-37371.6
-37490.7
-37609.7
-37728.8
-37847.9
-37966.9
-38086
-38205
-38324.1
-38443.2
-38562.2
-38681.3
-38800.3
-38919.4
-39038.5
-39157.5
-39276.6
-39395.6
-39514.7
-39633.8
-39752.8
-39871.9
-39990.9
-40110
-40229.1
-40348.1
-40467.2
-40586.2
-40705.3
-40824.4
-40943.4
-41062.5
-41181.5
-41300.6
-41419.7
-41538.7
-41657.8
-41776.8
-41895.9
-42014.9
-42134
-42253.1
-42372.1
-42491.2
-42610.2
-42729.3
-42848.4
-42967.4
-43086.5
-43205.5
-43324.6
-43443.7
-43562.7
-43681.8
-43800.8
-43919.9
-44039
-44158
-44277.1
-44396.1
-44515.2
-44634.3
-44753.3
-44872.4
-44991.4
-45110.5
-45229.6
-45348.6
-45467.7
-45586.7
-45705.8
-45824.9
-45943.9
-46063
-46182
-46301.1
-46420.2
-46539.2
-46658.3
-46777.3
-46896.4
-47015.4
-47134.5
-47253.6
-47372.6
-47491.7
-47610.7
-47729.8
-47848.9
-47967.9
-48087
-48206
-48325.1
-48444.2
-48563.2
-48682.3
-48801.3
-48920.4
-49039.5
-49158.5
-49277.6
-49396.6
-49515.7
-49634.8
-49753.8
-49872.9
-49991.9
-50111
-50230.1
-50349.1
-50468.2
-50587.2
-50706.3
-50825.4
-50944.4
-51063.5
-51182.5
-51301.6
-51420.6
-51539.7
-51658.8
-51777.8
-51896.9
-52015.9
-52135
-52254.1
-52373.1
-52492.2
-52611.2
-52730.3
-52849.4
-52968.4
-53087.5
-53206.5
-53325.6
-53444.7
-53563.7
-53682.8
-53801.8
-53920.9
-54040
-54159
-54278.1
-54397.1
-54516.2
-54635.3
-54754.3
-54873.4
-54992.4
-55111.5
-55230.6
-55349.6
-55468.7
-55587.7
-55706.8
-55825.9
-55944.9
-56064
-56183
-56262.5
-56342
-56421.5
-56500.9
-56580.4
-56659.9
-56739.4
-56818.9
-56898.3
-56977.8
-57057.3
-57136.8
-57216.3
-57295.7
-57375.2
-57454.7
-57534.2
-57613.7
-57693.1
-57766.1
-57823.1
-57880.1
-57937.1
-57994
-58051
-58108
-58164.9
-58221.9
-58278.9
-58335.8
-58392.8
-58449.8
-58506.8
-58563.7
-58620.7
-58677.7
-58734.6
-58791.6
-58848.6
-58905.6
-58962.5
-59019.5
-59076.5
-59133.4
-59190.4
-59247.4
-59304.4
-59361.3
-59418.3
-59475.3
-59532.2
-59589.2
-59646.2
-59703.2
-59760.1
-59817.1
-59874.1
-59931
-59988
-60045
-60102
-60158.9
-60215.9
-60272.9
-60329.8
-60386.8
-60443.8
-60500.8
-60557.7
-60614.7
-60671.7
-60728.6
-60785.6
-60842.6
-60899.6
-60956.5
-61013.5
-61070.5
-61127.4
-61184.4
-61241.4
-61298.4
-61355.3
-61412.3
-61469.3
-61526.2
-61583.2
-61636.4
-61674.9
-61713.3
-61751.7
-61790.1
-61828.5
-61866.9
-61905.3
-61943.8
-61982.2
-62020.6
-62059
-62097.4
-60067.4
-58037.3
-56007.3
-53977.3
-51947.2
-49917.2
-47887.1
-45857.1
-43827
-41797
-39767
-37736.9
-35706.9
-33676.8
-31646.8
-29616.8
-27586.7
-26236.5
-25566.2
-24951.4
-24585.2
-24219
-23852.8
-23495.8
-23378.7
-23261.6
-23144.6
-23027.5
-22910.4
-22793.3
-22676.3
-22559.2
-22442.1
-22325
-22208
-22090.9
-21973.8
-21856.7
-21739.6
-21622.6
-21505.5
-21388.4
-21271.3
-21154.3
-21037.2
-20920.1
-20803
-20686
-20568.9
-20451.8
-20334.7
-20217.7
-20100.6
-19983.5
-19866.4
-19749.4
-19632.3
-19515.2
-19398.1
-19281.1
-19164
-19046.9
-18929.8
-18812.8
-18695.7
-18578.6
-18461.5
-18344.5
-18227.4
-18110.3
-17993.2
-17876.1
-17759.1
-17642
-17524.9
-17407.8
-17290.8
-17173.7
-17056.6
-16939.5
-16822.5
-16705.4
-16588.3
-16471.2
-16354.2
-16237.1
-16120
-16002.9
-15885.9
-15768.8
-15651.7
-15534.6
-15417.6
-15300.5
-15183.4
-15066.3
-14949.3
-14832.2
-14715.1
-14598
-14481
-14363.9
-14246.8
-14129.7
-14012.7
-13895.6
-13778.5
-13661.4
-13544.3
-13427.3
-13310.2
-13193.1
-13076
-12959
-12841.9
-12724.8
-12607.7
-12490.7
-12373.6
-12256.5
-12139.4
-12022.4
-11905.3
-11788.2
-11671.1
-11554.1
-11437
-11319.9
-11202.8
-11085.8
-10968.7
-10851.6
-10734.5
-10617.5
-10500.4
-10383.3
-10266.2
-10149.2
-10032.1
-9915
-9797.92
-9680.85
-9563.77
-9446.7
-9329.62
-9212.55
-9095.47
-8978.39
-8861.32
-8744.24
-8627.17
-8510.09
-8393.02
-8275.94
-8158.86
-8041.79
-7924.71
-7807.64
-7690.56
-7573.49
-7456.41
-7339.33
-7222.26
-7105.18
-6988.11
-6871.03
-6753.95
-6636.88
-6519.8
-6402.73
-6285.65
-6168.58
-6051.5
-5934.42
-5817.35
-5700.27
-5583.2
-5466.12
-5349.05
-5231.97
-5114.89
-4997.82
-4880.74
-4763.67
-4646.59
-4529.52
-4412.44
-4295.36
-4178.29
-4061.21
-3944.14
-3827.06
-3709.99
-3592.91
-3475.83
-3358.76
-3241.68
-3124.61
-3007.53
-2890.46
-2773.38
-2656.3
-2539.23
-2422.15
-2305.08
-2188
-2070.93
-1953.85
-1836.77
-1719.7
-1602.62
-1485.55
-1368.47
-1251.4
-1134.32
-1017.24
-900.168
-783.093
-666.017
-548.941
-431.865
-314.79
-197.714
-80.6383
36.4374
153.513
270.589
387.665
504.74
621.816
738.892
855.968
973.043
1090.12
1207.19
1324.27
1441.35
1558.42
1675.5
1792.57
1909.65
2026.72
2143.8
2260.88
2377.95
2495.03
2612.1
2729.18
2846.25
2963.33
3080.41
3197.48
3314.56
3431.63
3548.71
3665.79
3782.86
3899.94
4017.01
4134.09
4251.16
4368.24
4485.32
4602.39
4719.47
4836.54
4953.62
5070.69
5187.77
5304.85
5421.92
5539
5656.07
5773.15
5890.22
6007.3
6124.38
6241.45
6358.53
6475.6
6592.68
6709.75
6826.83
6943.91
7060.98
7178.06
7295.13
7412.21
7529.28
7646.36
7763.44
7880.51
7997.59
8114.66
8231.74
8348.81
8465.89
8582.97
8700.04
8817.12
8934.19
9051.27
9168.34
9285.42
9402.5
9519.57
9636.65
9753.72
9870.8
9987.87
10105
10222
10339.1
10456.2
10573.3
10690.3
10807.4
10924.5
11041.6
11158.6
11275.7
11392.8
11509.9
11626.9
11744
11861.1
11978.2
12095.2
12212.3
12329.4
12446.5
12563.5
12680.6
12797.7
12914.8
13031.8
13148.9
13266
13383.1
13500.1
13617.2
13734.3
13851.4
13968.4
14085.5
14202.6
14319.7
14436.8
14553.8
14670.9
14788
14905.1
15022.1
15139.2
15256.3
15373.4
15490.4
15607.5
15724.6
15841.7
15958.7
16075.8
16192.9
16310
16427
16544.1
16661.2
16778.3
16895.3
17012.4
17129.5
17246.6
17363.6
17480.7
17597.8
17714.9
17831.9
17949
18066.1
18183.2
18300.3
18417.3
18534.4
18651.5
18768.6
18885.6
19002.7
19119.8
19236.9
19353.9
19471
19588.1
19705.2
19822.2
19939.3
20056.4
20173.5
20290.5
20407.6
20524.7
20641.8
20758.8
20875.9
20993
21110.1
21227.1
21344.2
21461.3
21578.4
21695.4
21812.5
21929.6
22046.7
22163.8
22280.8
22397.9
22515
22632.1
22749.1
22866.2
22983.3
23100.4
23217.4
23334.5
23451.6
23568.7
23685.7
23802.8
23919.9
24037
24156
24275.1
24394.1
24513.2
24632.3
24751.3
24870.4
24989.4
25108.5
25227.6
25346.6
25465.7
25584.7
25703.8
25822.9
25941.9
26061
26180
26299.1
26418.2
26537.2
26656.3
26775.3
26894.4
27013.4
27132.5
27251.6
27370.6
27489.7
27608.7
27727.8
27846.9
27965.9
28085
28204
28323.1
28442.2
28561.2
28680.3
28799.3
28918.4
29037.5
29156.5
29275.6
29394.6
29513.7
29632.8
29751.8
29870.9
29989.9
30109
30228.1
30347.1
30466.2
30585.2
30704.3
30823.4
30942.4
31061.5
31180.5
31299.6
31418.7
31537.7
31656.8
31775.8
31894.9
32013.9
32133
32252.1
32371.1
32490.2
32609.2
32728.3
32847.4
32966.4
33085.5
33204.5
33323.6
33442.7
33561.7
33680.8
33799.8
33918.9
34038
34157
34276.1
34395.1
34514.2
34633.3
34752.3
34871.4
34990.4
35109.5
35228.6
35347.6
35466.7
35585.7
35704.8
35823.9
35942.9
36062
36181
36300.1
36419.2
36538.2
36657.3
36776.3
36895.4
37014.4
37133.5
37252.6
37371.6
37490.7
37609.7
37728.8
37847.9
37966.9
38086
38205
38324.1
38443.2
38562.2
38681.3
38800.3
38919.4
39038.5
39157.5
39276.6
39395.6
39514.7
39633.8
39752.8
39871.9
39990.9
40110
40229.1
40348.1
40467.2
40586.2
40705.3
40824.4
40943.4
41062.5
41181.5
41300.6
41419.7
41538.7
41657.8
41776.8
41895.9
42014.9
42134
42253.1
42372.1
42491.2
42610.2
42729.3
42848.4
42967.4
43086.5
43205.5
43324.6
43443.7
43562.7
43681.8
43800.8
43919.9
44039
44158
44277.1
44396.1
44515.2
44634.3
44753.3
44872.4
44991.4
45110.5
45229.6
45348.6
45467.7
45586.7
45705.8
45824.9
45943.9
46063
46182
46301.1
46420.2
46539.2
46658.3
46777.3
46896.4
47015.4
47134.5
47253.6
47372.6
47491.7
47610.7
47729.8
47848.9
47967.9
48087
48206
48325.1
48444.2
48563.2
48682.3
48801.3
48920.4
49039.5
49158.5
49277.6
49396.6
49515.7
49634.8
49753.8
49872.9
49991.9
50111
50230.1
50349.1
50468.2
50587.2
50706.3
50825.4
50944.4
51063.5
51182.5
51301.6
51420.6
51539.7
51658.8
51777.8
51896.9
52015.9
52135
52254.1
52373.1
52492.2
52611.2
52730.3
52849.4
52968.4
53087.5
53206.5
53325.6
53444.7
53563.7
53682.8
53801.8
53920.9
54040
54159
54278.1
54397.1
54516.2
54635.3
54754.3
54873.4
54992.4
55111.5
55230.6
55349.6
55468.7
55587.7
55706.8
55825.9
55944.9
56064
56183
56262.5
56342
56421.5
56500.9
56580.4
56659.9
56739.4
56818.9
56898.3
56977.8
57057.3
57136.8
57216.3
57295.7
57375.2
57454.7
57534.2
57613.7
57693.1
57766.1
57823.1
57880.1
57937.1
57994
58051
58108
58164.9
58221.9
58278.9
58335.8
58392.8
58449.8
58506.8
58563.7
58620.7
58677.7
58734.6
58791.6
58848.6
58905.6
58962.5
59019.5
59076.5
59133.4
59190.4
59247.4
59304.4
59361.3
59418.3
59475.3
59532.2
59589.2
59646.2
59703.2
59760.1
59817.1
59874.1
59931
59988
60045
60102
60158.9
60215.9
60272.9
60329.8
60386.8
60443.8
60500.8
60557.7
60614.7
60671.7
60728.6
60785.6
60842.6
60899.6
60956.5
61013.5
61070.5
61127.4
61184.4
61241.4
61298.4
61355.3
61412.3
61469.3
61526.2
61583.2
61636.4
61674.9
61713.3
61751.7
61790.1
61828.5
61866.9
61905.3
61943.8
61982.2
62020.6
62059
62097.4
60067.4
58037.3
56007.3
53977.3
51947.2
49917.2
47887.1
45857.1
43827
41797
39767
37736.9
35706.9
33676.8
31646.8
29616.8
27586.7
26235.8
25563.5
24975.4
24607
24238.7
23870.4
23539.5
23419
23298.5
23178
23057.5
22937
22816.5
22696
22575.5
22455
22334.5
22214
22093.5
21973
21852.5
21732
21611.5
21490.9
21370.4
21249.9
21129.4
21008.9
20888.4
20767.9
20647.4
20526.9
20406.4
20285.9
20165.4
20044.9
19924.4
19803.9
19683.4
19562.9
19442.4
19321.9
19201.3
19080.8
18960.3
18839.8
18719.3
18598.8
18478.3
18357.8
18237.3
18116.8
17996.3
17875.8
17755.3
17634.8
17514.3
17393.8
17273.3
17152.8
17032.3
16911.7
16791.2
16670.7
16550.2
16429.7
16309.2
16188.7
16068.2
15947.7
15827.2
15706.7
15586.2
15465.7
15345.2
15224.7
15104.2
14983.7
14863.2
14742.7
14622.1
14501.6
14381.1
14260.6
14140.1
14019.6
13899.1
13778.6
13658.1
13537.6
13417.1
13296.6
13176.1
13055.6
12935.1
12814.6
12694.1
12573.6
12453.1
12332.6
12212
12091.5
11971
11850.5
11730
11609.5
11489
11368.5
11248
11127.5
11007
10886.5
10766
10645.5
10525
10404.5
10284
10163.5
10043
9922.45
9801.94
9681.44
9560.93
9440.43
9319.92
9199.42
9078.91
8958.4
8837.9
8717.39
8596.89
8476.38
8355.88
8235.37
8114.87
7994.36
7873.86
7753.35
7632.85
7512.34
7391.84
7271.33
7150.83
7030.32
6909.82
6789.31
6668.81
6548.3
6427.8
6307.29
6186.78
6066.28
5945.77
5825.27
5704.76
5584.26
5463.75
5343.25
5222.74
5102.24
4981.73
4861.23
4740.72
4620.22
4499.71
4379.21
4258.7
4138.2
4017.69
3897.19
3776.68
3656.18
3535.67
3415.16
3294.66
3174.15
3053.65
2933.14
2812.64
2692.13
2571.63
2451.12
2330.62
2210.11
2089.61
1969.1
1848.6
1728.09
1607.59
1487.08
1366.58
1246.07
1125.57
1005.06
884.555
764.05
643.545
523.04
402.534
282.029
161.524
41.0188
-79.4864
-199.992
-320.497
-441.002
-561.507
-682.012
-802.518
-923.023
-1043.53
-1164.03
-1284.54
-1405.04
-1525.55
-1646.05
-1766.56
-1887.06
-2007.57
-2128.08
-2248.58
-2369.09
-2489.59
-2610.1
-2730.6
-2851.11
-2971.61
-3092.12
-3212.62
-3333.13
-3453.63
-3574.14
-3694.64
-3815.15
-3935.65
-4056.16
-4176.66
-4297.17
-4417.67
-4538.18
-4658.68
-4779.19
-4899.7
-5020.2
-5140.71
-5261.21
-5381.72
-5502.22
-5622.73
-5743.23
-5863.74
-5984.24
-6104.75
-6225.25
-6345.76
-6466.26
-6586.77
-6707.27
-6827.78
-6948.28
-7068.79
-7189.29
-7309.8
-7430.3
-7550.81
-7671.32
-7791.82
-7912.33
-8032.83
-8153.34
-8273.84
-8394.35
-8514.85
-8635.36
-8755.86
-8876.37
-8996.87
-9117.38
-9237.88
-9358.39
-9478.89
-9599.4
-9719.9
-9840.41
-9960.91
-10081.4
-10201.9
-10322.4
-10442.9
-10563.4
-10683.9
-10804.5
-10925
-11045.5
-11166
-11286.5
-11407
-11527.5
-11648
-11768.5
-11889
-12009.5
-12130
-12250.5
-12371
-12491.5
-12612
-12732.5
-12853
-12973.5
-13094
-13214.6
-13335.1
-13455.6
-13576.1
-13696.6
-13817.1
-13937.6
-14058.1
-14178.6
-14299.1
-14419.6
-14540.1
-14660.6
-14781.1
-14901.6
-15022.1
-15142.6
-15263.1
-15383.6
-15504.2
-15624.7
-15745.2
-15865.7
-15986.2
-16106.7
-16227.2
-16347.7
-16468.2
-16588.7
-16709.2
-16829.7
-16950.2
-17070.7
-17191.2
-17311.7
-17432.2
-17552.7
-17673.2
-17793.8
-17914.3
-18034.8
-18155.3
-18275.8
-18396.3
-18516.8
-18637.3
-18757.8
-18878.3
-18998.8
-19119.3
-19239.8
-19360.3
-19480.8
-19601.3
-19721.8
-19842.3
-19962.8
-20083.4
-20203.9
-20324.4
-20444.9
-20565.4
-20685.9
-20806.4
-20926.9
-21047.4
-21167.9
-21288.4
-21408.9
-21529.4
-21649.9
-21770.4
-21890.9
-22011.4
-22131.9
-22252.4
-22373
-22493.5
-22614
-22734.5
-22855
-22975.5
-23096
-23216.5
-23337
-23457.5
-23578
-23698.5
-23819
-23939.5
-24060
-24180.5
-24301
-24421.5
-24542
-24662.6
-24783.1
-24903.6
-25024.1
-25144.6
-25265.1
-25385.6
-25506.1
-25626.6
-25747.1
-25867.6
-25988.1
-26108.6
-26229.1
-26349.6
-26470.1
-26590.6
-26689.3
-26787.9
-26886.5
-26985.2
-27083.8
-27182.4
-27281
-27379.7
-27478.3
-27576.9
-27675.6
-27774.2
-27872.8
-27971.5
-28070.1
-28168.7
-28267.3
-28366
-28464.6
-28563.2
-28661.9
-28760.5
-28859.1
-28957.8
-29056.4
-29155
-29253.6
-29352.3
-29450.9
-29549.5
-29648.2
-29746.8
-29845.4
-29944.1
-30042.7
-30141.3
-30239.9
-30338.6
-30437.2
-30535.8
-30634.5
-30733.1
-30831.7
-30930.4
-31029
-31127.6
-31226.2
-31324.9
-31423.5
-31522.1
-31620.8
-31719.4
-31818
-31916.7
-32015.3
-32113.9
-32212.5
-32311.2
-32409.8
-32508.4
-32607.1
-32705.7
-32804.3
-32903
-33001.6
-33100.2
-33198.8
-33297.5
-33396.1
-33494.7
-33593.4
-33692
-33790.6
-33889.3
-33987.9
-34086.5
-34185.1
-34283.8
-34382.4
-34481
-34579.7
-34678.3
-34776.9
-34875.6
-34974.2
-35072.8
-35171.4
-35270.1
-35368.7
-35467.3
-35566
-35664.6
-35763.2
-35861.8
-35960.5
-36059.1
-36157.7
-36256.4
-36355
-36453.6
-36552.3
-36650.9
-36749.5
-36848.1
-36946.8
-37045.4
-37144
-37242.7
-37341.3
-37439.9
-37538.6
-37637.2
-37735.8
-37834.4
-37933.1
-38031.7
-38130.3
-38229
-38327.6
-38426.2
-38524.9
-38623.5
-38722.1
-38820.7
-38919.4
-39018
-39116.6
-39215.3
-39313.9
-39412.5
-39511.2
-39609.8
-39708.4
-39807
-39905.7
-40004.3
-40102.9
-40201.6
-40300.2
-40398.8
-40497.5
-40596.1
-40694.7
-40793.3
-40892
-40990.6
-41089.2
-41187.9
-41286.5
-41385.1
-41483.8
-41582.4
-41681
-41779.6
-41878.3
-41976.9
-42075.5
-42174.2
-42272.8
-42371.4
-42470.1
-42568.7
-42667.3
-42765.9
-42864.6
-42963.2
-43061.8
-43160.5
-43259.1
-43357.7
-43456.4
-43555
-43653.6
-43752.2
-43850.9
-43949.5
-44048.1
-44146.8
-44245.4
-44344
-44442.7
-44541.3
-44639.9
-44738.5
-44837.2
-44935.8
-45034.4
-45133.1
-45231.7
-45330.3
-45429
-45527.6
-45626.2
-45724.8
-45823.5
-45922.1
-46020.7
-46119.4
-46218
-46316.6
-46415.3
-46513.9
-46612.5
-46711.1
-46809.8
-46908.4
-47007
-47105.7
-47204.3
-47302.9
-47401.6
-47500.2
-47598.8
-47697.4
-47796.1
-47894.7
-47993.3
-48092
-48190.6
-48289.2
-48387.9
-48486.5
-48585.1
-48683.7
-48782.4
-48881
-48979.6
-49078.3
-49176.9
-49275.5
-49374.2
-49472.8
-49571.4
-49670
-49768.7
-49867.3
-49965.9
-50064.6
-50163.2
-50261.8
-50360.5
-50459.1
-50557.7
-50656.3
-50755
-50853.6
-50952.2
-51050.9
-51149.5
-51248.1
-51346.8
-51445.4
-51544
-51642.6
-51741.3
-51839.9
-51938.5
-52037.2
-52135.8
-52234.4
-52333.1
-52431.7
-52530.3
-52628.9
-52727.6
-52826.2
-52924.8
-53023.5
-53122.1
-53220.7
-53319.4
-53418
-53516.6
-53615.2
-53713.9
-53812.5
-53911.1
-54009.8
-54108.4
-54207
-54305.7
-54404.3
-54502.9
-54601.5
-54700.2
-54798.8
-54897.4
-54996.1
-55094.7
-55193.3
-55292
-55390.6
-55489.2
-55587.8
-55686.5
-55785.1
-55883.7
-55982.4
-56081
-56179.6
-56278.3
-56376.9
-56475.5
-56574.1
-56672.8
-56771.4
-56870
-56968.7
-57067.3
-57165.9
-57264.6
-57363.2
-57461.8
-57560.4
-57659.1
-57757.7
-57856.3
-57955
-58053.6
-58152.2
-58250.8
-58349.5
-58448.1
-58546.7
-58645.4
-58744
-58842.6
-58941.3
-59039.9
-59138.5
-59237.1
-59335.8
-59434.4
-59533
-59631.7
-59730.3
-59828.9
-59927.6
-60026.2
-60124.8
-60223.4
-60322.1
-60420.7
-60519.3
-60618
-60716.6
-60815.2
-60913.9
-61012.5
-61111.1
-61209.7
-61308.4
-61407
-61505.6
-61604.3
-61702.9
-61801.5
-61900.2
-61998.8
-62097.4
-62135.8
-62174.2
-62212.7
-62251.1
-62289.5
-62327.9
-62366.3
-62404.7
-62443.1
-62481.6
-62520
-62558.4
-62596.8
-62635.2
-62673.6
-62712.1
-62750.5
-62788.9
-62827.3
-62865.7
-62904.1
-62942.5
-62981
-63019.4
-63057.8
-63096.2
-63134.6
-63173
-63211.4
-63249.9
-63288.3
-63326.7
-63365.1
-63403.5
-63441.9
-63480.3
-63518.8
-63557.2
-63595.6
-63634
-63672.4
-63710.8
-63749.2
-63787.7
-63826.1
-63864.5
-63902.9
-63941.3
-63979.7
-64018.1
-64056.6
-64095
-64133.4
-64171.8
-64210.2
-64248.6
-64287.1
-64325.5
-64363.9
-64402.3
-64440.7
-64479.1
-64517.5
-64556
-64594.4
-64632.8
-64671.2
-64709.6
-64748
-64786.4
-64824.9
-64863.3
-64901.7
-64940.1
-64978.5
-65016.9
-65055.3
-65093.8
-65132.2
-65170.6
-65209
-65247.4
-65285.8
-65324.2
-65362.7
-65401.1
-65439.5
-65477.9
-65516.3
-65554.7
-65593.1
-65631.6
-65670
-65708.4
-65746.8
-65785.2
-65823.6
-65862
-65900.5
-65938.9
-63908.8
-61878.8
-59848.8
-57818.7
-55788.7
-53758.6
-51728.6
-49698.5
-47668.5
-45638.5
-43608.4
-41578.4
-39548.3
-37518.3
-35488.3
-33458.2
-31428.2
-29629.8
-27953.2
-26334.5
-24964.8
-24558.4
-24209.9
-23877.2
-23779.4
-23681.6
-23583.8
-23486
-23388.2
-23290.4
-23192.6
-23094.8
-22997
-22899.1
-22801.3
-22703.5
-22605.7
-22507.9
-22410.1
-22312.3
-22214.5
-22116.7
-22018.9
-21921.1
-21823.3
-21725.5
-21627.7
-21529.9
-21432.1
-21334.3
-21236.4
-21138.6
-21040.8
-20943
-20845.2
-20747.4
-20649.6
-20551.8
-20454
-20356.2
-20258.4
-20160.6
-20062.8
-19965
-19867.2
-19769.4
-19671.6
-19573.7
-19475.9
-19378.1
-19280.3
-19182.5
-19084.7
-18986.9
-18889.1
-18791.3
-18693.5
-18595.7
-18497.9
-18400.1
-18302.3
-18204.5
-18106.7
-18008.9
-17911
-17813.2
-17715.4
-17617.6
-17519.8
-17422
-17324.2
-17226.4
-17128.6
-17030.8
-16933
-16835.2
-16737.4
-16639.6
-16541.8
-16444
-16346.2
-16248.3
-16150.5
-16052.7
-15954.9
-15857.1
-15759.3
-15661.5
-15563.7
-15465.9
-15368.1
-15270.3
-15172.5
-15074.7
-14976.9
-14879.1
-14781.3
-14683.5
-14585.6
-14487.8
-14390
-14292.2
-14194.4
-14096.6
-13998.8
-13901
-13803.2
-13705.4
-13607.6
-13509.8
-13412
-13314.2
-13216.4
-13118.6
-13020.8
-12922.9
-12825.1
-12727.3
-12629.5
-12531.7
-12433.9
-12336.1
-12238.3
-12140.5
-12042.7
-11944.9
-11847.1
-11749.3
-11651.5
-11553.7
-11455.9
-11358.1
-11260.2
-11162.4
-11064.6
-10966.8
-10869
-10771.2
-10673.4
-10575.6
-10477.8
-10380
-10282.2
-10184.4
-10086.6
-9988.77
-9890.96
-9793.16
-9695.35
-9597.55
-9499.74
-9401.93
-9304.13
-9206.32
-9108.52
-9010.71
-8912.9
-8815.1
-8717.29
-8619.49
-8521.68
-8423.87
-8326.07
-8228.26
-8130.46
-8032.65
-7934.85
-7837.04
-7739.23
-7641.43
-7543.62
-7445.82
-7348.01
-7250.2
-7152.4
-7054.59
-6956.79
-6858.98
-6761.17
-6663.37
-6565.56
-6467.76
-6369.95
-6272.15
-6174.34
-6076.53
-5978.73
-5880.92
-5783.12
-5685.31
-5587.5
-5489.7
-5391.89
-5294.09
-5196.28
-5098.47
-5000.67
-4902.86
-4805.06
-4707.25
-4609.45
-4511.64
-4413.83
-4316.03
-4218.22
-4120.42
-4022.61
-3924.8
-3827
-3729.19
-3631.39
-3533.58
-3435.77
-3337.97
-3240.16
-3142.36
-3044.55
-2946.75
-2848.94
-2751.13
-2653.33
-2555.52
-2457.72
-2359.91
-2262.1
-2164.3
-2066.49
-1968.69
-1870.88
-1773.07
-1675.27
-1577.46
-1479.66
-1381.85
-1284.04
-1186.24
-1088.43
-990.627
-892.821
-795.016
-697.21
-599.404
-501.598
-403.792
-305.986
-208.18
-110.374
-12.5684
85.2375
183.043
280.849
378.655
476.461
574.267
672.073
769.879
867.685
965.491
1063.3
1161.1
1258.91
1356.71
1454.52
1552.33
1650.13
1747.94
1845.74
1943.55
2041.36
2139.16
2236.97
2334.77
2432.58
2530.38
2628.19
2726
2823.8
2921.61
3019.41
3117.22
3215.03
3312.83
3410.64
3508.44
3606.25
3704.06
3801.86
3899.67
3997.47
4095.28
4193.08
4290.89
4388.7
4486.5
4584.31
4682.11
4779.92
4877.73
4975.53
5073.34
5171.14
5268.95
5366.76
5464.56
5562.37
5660.17
5757.98
5855.79
5953.59
6051.4
6149.2
6247.01
6344.81
6442.62
6540.43
6638.23
6736.04
6833.84
6931.65
7029.46
7127.26
7225.07
7322.87
7420.68
7518.49
7616.29
7714.1
7811.9
7909.71
8007.51
8105.32
8203.13
8300.93
8398.74
8496.54
8594.35
8692.16
8789.96
8887.77
8985.57
9083.38
9181.19
9278.99
9376.8
9474.6
9572.41
9670.21
9768.02
9865.83
9963.63
10061.4
10159.2
10257.1
10354.9
10452.7
10550.5
10648.3
10746.1
10843.9
10941.7
11039.5
11137.3
11235.1
11332.9
11430.7
11528.5
11626.3
11724.1
11821.9
11919.8
12017.6
12115.4
12213.2
12311
12408.8
12506.6
12604.4
12702.2
12800
12897.8
12995.6
13093.4
13191.2
13289
13386.8
13484.6
13582.5
13680.3
13778.1
13875.9
13973.7
14071.5
14169.3
14267.1
14364.9
14462.7
14560.5
14658.3
14756.1
14853.9
14951.7
15049.5
15147.3
15245.2
15343
15440.8
15538.6
15636.4
15734.2
15832
15929.8
16027.6
16125.4
16223.2
16321
16418.8
16516.6
16614.4
16712.2
16810
16907.9
17005.7
17103.5
17201.3
17299.1
17396.9
17494.7
17592.5
17690.3
17788.1
17885.9
17983.7
18081.5
18179.3
18277.1
18374.9
18472.7
18570.6
18668.4
18766.2
18864
18961.8
19059.6
19157.4
19255.2
19353
19450.8
19548.6
19646.4
19744.2
19842
19939.8
20037.6
20135.4
20233.3
20331.1
20428.9
20526.7
20624.5
20722.3
20820.1
20917.9
21015.7
21113.5
21211.3
21309.1
21406.9
21504.7
21602.5
21700.3
21798.1
21896
21993.8
22091.6
22189.4
22287.2
22385
22482.8
22580.6
22678.4
22776.2
22874
22971.8
23069.6
23167.4
23265.2
23363
23460.8
23558.7
23656.5
23754.3
23852.1
23949.9
24047.7
24145.5
24243.3
24341.1
24438.9
24536.7
24634.5
24732.3
24830.1
24927.9
25025.7
25123.5
25221.4
25319.2
25417
25514.8
25612.6
25710.4
25808.2
25906
26003.8
26101.6
26199.4
26297.2
26395
26492.8
26590.6
26689.3
26787.9
26886.5
26985.2
27083.8
27182.4
27281
27379.7
27478.3
27576.9
27675.6
27774.2
27872.8
27971.5
28070.1
28168.7
28267.3
28366
28464.6
28563.2
28661.9
28760.5
28859.1
28957.8
29056.4
29155
29253.6
29352.3
29450.9
29549.5
29648.2
29746.8
29845.4
29944.1
30042.7
30141.3
30239.9
30338.6
30437.2
30535.8
30634.5
30733.1
30831.7
30930.4
31029
31127.6
31226.2
31324.9
31423.5
31522.1
31620.8
31719.4
31818
31916.7
32015.3
32113.9
32212.5
32311.2
32409.8
32508.4
32607.1
32705.7
32804.3
32903
33001.6
33100.2
33198.8
33297.5
33396.1
33494.7
33593.4
33692
33790.6
33889.3
33987.9
34086.5
34185.1
34283.8
34382.4
34481
34579.7
34678.3
34776.9
34875.6
34974.2
35072.8
35171.4
35270.1
35368.7
35467.3
35566
35664.6
35763.2
35861.8
35960.5
36059.1
36157.7
36256.4
36355
36453.6
36552.3
36650.9
36749.5
36848.1
36946.8
37045.4
37144
37242.7
37341.3
37439.9
37538.6
37637.2
37735.8
37834.4
37933.1
38031.7
38130.3
38229
38327.6
38426.2
38524.9
38623.5
38722.1
38820.7
38919.4
39018
39116.6
39215.3
39313.9
39412.5
39511.2
39609.8
39708.4
39807
39905.7
40004.3
40102.9
40201.6
40300.2
40398.8
40497.5
40596.1
40694.7
40793.3
40892
40990.6
41089.2
41187.9
41286.5
41385.1
41483.8
41582.4
41681
41779.6
41878.3
41976.9
42075.5
42174.2
42272.8
42371.4
42470.1
42568.7
42667.3
42765.9
42864.6
42963.2
43061.8
43160.5
43259.1
43357.7
43456.4
43555
43653.6
43752.2
43850.9
43949.5
44048.1
44146.8
44245.4
44344
44442.7
44541.3
44639.9
44738.5
44837.2
44935.8
45034.4
45133.1
45231.7
45330.3
45429
45527.6
45626.2
45724.8
45823.5
45922.1
46020.7
46119.4
46218
46316.6
46415.3
46513.9
46612.5
46711.1
46809.8
46908.4
47007
47105.7
47204.3
47302.9
47401.6
47500.2
47598.8
47697.4
47796.1
47894.7
47993.3
48092
48190.6
48289.2
48387.9
48486.5
48585.1
48683.7
48782.4
48881
48979.6
49078.3
49176.9
49275.5
49374.2
49472.8
49571.4
49670
49768.7
49867.3
49965.9
50064.6
50163.2
50261.8
50360.5
50459.1
50557.7
50656.3
50755
50853.6
50952.2
51050.9
51149.5
51248.1
51346.8
51445.4
51544
51642.6
51741.3
51839.9
51938.5
52037.2
52135.8
52234.4
52333.1
52431.7
52530.3
52628.9
52727.6
52826.2
52924.8
53023.5
53122.1
53220.7
53319.4
53418
53516.6
53615.2
53713.9
53812.5
53911.1
54009.8
54108.4
54207
54305.7
54404.3
54502.9
54601.5
54700.2
54798.8
54897.4
54996.1
55094.7
55193.3
55292
55390.6
55489.2
55587.8
55686.5
55785.1
55883.7
55982.4
56081
56179.6
56278.3
56376.9
56475.5
56574.1
56672.8
56771.4
56870
56968.7
57067.3
57165.9
57264.6
57363.2
57461.8
57560.4
57659.1
57757.7
57856.3
57955
58053.6
58152.2
58250.8
58349.5
58448.1
58546.7
58645.4
58744
58842.6
58941.3
59039.9
59138.5
59237.1
59335.8
59434.4
59533
59631.7
59730.3
59828.9
59927.6
60026.2
60124.8
60223.4
60322.1
60420.7
60519.3
60618
60716.6
60815.2
60913.9
61012.5
61111.1
61209.7
61308.4
61407
61505.6
61604.3
61702.9
61801.5
61900.2
61998.8
62097.4
62135.8
62174.2
62212.7
62251.1
62289.5
62327.9
62366.3
62404.7
62443.1
62481.6
62520
62558.4
62596.8
62635.2
62673.6
62712.1
62750.5
62788.9
62827.3
62865.7
62904.1
62942.5
62981
63019.4
63057.8
63096.2
63134.6
63173
63211.4
63249.9
63288.3
63326.7
63365.1
63403.5
63441.9
63480.3
63518.8
63557.2
63595.6
63634
63672.4
63710.8
63749.2
63787.7
63826.1
63864.5
63902.9
63941.3
63979.7
64018.1
64056.6
64095
64133.4
64171.8
64210.2
64248.6
64287.1
64325.5
64363.9
64402.3
64440.7
64479.1
64517.5
64556
64594.4
64632.8
64671.2
64709.6
64748
64786.4
64824.9
64863.3
64901.7
64940.1
64978.5
65016.9
65055.3
65093.8
65132.2
65170.6
65209
65247.4
65285.8
65324.2
65362.7
65401.1
65439.5
65477.9
65516.3
65554.7
65593.1
65631.6
65670
65708.4
65746.8
65785.2
65823.6
65862
65900.5
65938.9
63908.8
61878.8
59848.8
57818.7
55788.7
53758.6
51728.6
49698.5
47668.5
45638.5
43608.4
41578.4
39548.3
37518.3
35488.3
33458.2
31428.2
29629.9
27953.5
26335.1
24965.8
24557.9
24207.7
23873.4
23774.2
23675
23575.8
23476.6
23377.4
23278.1
23178.9
23079.7
22980.5
22881.3
22782
22682.8
22583.6
22484.4
22385.2
22286
22186.7
22087.5
21988.3
21889.1
21789.9
21690.7
21591.4
21492.2
21393
21293.8
21194.6
21095.3
20996.1
20896.9
20797.7
20698.5
20599.3
20500
20400.8
20301.6
20202.4
20103.2
20003.9
19904.7
19805.5
19706.3
19607.1
19507.9
19408.6
19309.4
19210.2
19111
19011.8
18912.6
18813.3
18714.1
18614.9
18515.7
18416.5
18317.2
18218
18118.8
18019.6
17920.4
17821.2
17721.9
17622.7
17523.5
17424.3
17325.1
17225.9
17126.6
17027.4
16928.2
16829
16729.8
16630.5
16531.3
16432.1
16332.9
16233.7
16134.5
16035.2
15936
15836.8
15737.6
15638.4
15539.1
15439.9
15340.7
15241.5
15142.3
15043.1
14943.8
14844.6
14745.4
14646.2
14547
14447.8
14348.5
14249.3
14150.1
14050.9
13951.7
13852.4
13753.2
13654
13554.8
13455.6
13356.4
13257.1
13157.9
13058.7
12959.5
12860.3
12761
12661.8
12562.6
12463.4
12364.2
12265
12165.7
12066.5
11967.3
11868.1
11768.9
11669.7
11570.4
11471.2
11372
11272.8
11173.6
11074.3
10975.1
10875.9
10776.7
10677.5
10578.3
10479
10379.8
10280.6
10181.4
10082.2
9982.95
9883.73
9784.51
9685.3
9586.08
9486.86
9387.64
9288.42
9189.21
9089.99
8990.77
8891.55
8792.33
8693.12
8593.9
8494.68
8395.46
8296.25
8197.03
8097.81
7998.59
7899.37
7800.16
7700.94
7601.72
7502.5
7403.29
7304.07
7204.85
7105.63
7006.41
6907.2
6807.98
6708.76
6609.54
6510.32
6411.11
6311.89
6212.67
6113.45
6014.24
5915.02
5815.8
5716.58
5617.36
5518.15
5418.93
5319.71
5220.49
5121.28
5022.06
4922.84
4823.62
4724.4
4625.19
4525.97
4426.75
4327.53
4228.31
4129.1
4029.88
3930.66
3831.44
3732.23
3633.01
3533.79
3434.57
3335.35
3236.14
3136.92
3037.7
2938.48
2839.26
2740.05
2640.83
2541.61
2442.39
2343.18
2243.96
2144.74
2045.52
1946.3
1847.09
1747.87
1648.65
1549.43
1450.22
1351
1251.78
1152.56
1053.34
954.126
854.908
755.69
656.473
557.255
458.037
358.819
259.601
160.383
61.1656
-38.0522
-137.27
-236.488
-335.706
-434.924
-534.141
-633.359
-732.577
-831.795
-931.013
-1030.23
-1129.45
-1228.67
-1327.88
-1427.1
-1526.32
-1625.54
-1724.76
-1823.97
-1923.19
-2022.41
-2121.63
-2220.84
-2320.06
-2419.28
-2518.5
-2617.72
-2716.93
-2816.15
-2915.37
-3014.59
-3113.81
-3213.02
-3312.24
-3411.46
-3510.68
-3609.89
-3709.11
-3808.33
-3907.55
-4006.77
-4105.98
-4205.2
-4304.42
-4403.64
-4502.85
-4602.07
-4701.29
-4800.51
-4899.73
-4998.94
-5098.16
-5197.38
-5296.6
-5395.82
-5495.03
-5594.25
-5693.47
-5792.69
-5891.9
-5991.12
-6090.34
-6189.56
-6288.78
-6387.99
-6487.21
-6586.43
-6685.65
-6784.86
-6884.08
-6983.3
-7082.52
-7181.74
-7280.95
-7380.17
-7479.39
-7578.61
-7677.83
-7777.04
-7876.26
-7975.48
-8074.7
-8173.91
-8273.13
-8372.35
-8471.57
-8570.79
-8670
-8769.22
-8868.44
-8967.66
-9066.87
-9166.09
-9265.31
-9364.53
-9463.75
-9562.96
-9662.18
-9761.4
-9860.62
-9959.84
-10059.1
-10158.3
-10257.5
-10356.7
-10455.9
-10555.1
-10654.4
-10753.6
-10852.8
-10952
-11051.2
-11150.4
-11249.7
-11348.9
-11448.1
-11547.3
-11646.5
-11745.8
-11845
-11944.2
-12043.4
-12142.6
-12241.8
-12341.1
-12440.3
-12539.5
-12638.7
-12737.9
-12837.2
-12936.4
-13035.6
-13134.8
-13234
-13333.2
-13432.5
-13531.7
-13630.9
-13730.1
-13829.3
-13928.5
-14027.8
-14127
-14226.2
-14325.4
-14424.6
-14523.9
-14623.1
-14722.3
-14821.5
-14920.7
-15019.9
-15119.2
-15218.4
-15317.6
-15416.8
-15516
-15615.3
-15714.5
-15813.7
-15912.9
-16012.1
-16111.3
-16210.6
-16309.8
-16409
-16508.2
-16607.4
-16706.6
-16805.9
-16905.1
-17004.3
-17103.5
-17202.7
-17302
-17401.2
-17500.4
-17599.6
-17698.8
-17798
-17897.3
-17996.5
-18095.7
-18194.9
-18294.1
-18393.4
-18492.6
-18591.8
-18691
-18790.2
-18889.4
-18988.7
-19087.9
-19187.1
-19286.3
-19385.5
-19484.7
-19584
-19683.2
-19782.4
-19881.6
-19980.8
-20080.1
-20179.3
-20278.5
-20377.7
-20476.9
-20576.1
-20675.4
-20774.6
-20873.8
-20973
-21072.2
-21171.5
-21270.7
-21369.9
-21469.1
-21568.3
-21667.5
-21766.8
-21866
-21965.2
-22064.4
-22163.6
-22262.8
-22362.1
-22461.3
-22560.5
-22659.7
-22758.9
-22858.2
-22957.4
-23056.6
-23155.8
-23255
-23354.2
-23453.5
-23552.7
-23651.9
-23751.1
-23850.3
-23949.5
-24048.8
-24148
-24247.2
-24346.4
-24445.6
-24544.9
-24644.1
-24743.3
-24842.5
-24941.7
-25040.9
-25140.2
-25239.4
-25338.6
-25437.8
-25537
-25636.3
-25735.5
-25834.7
-25933.9
-26033.1
-26132.3
-26231.6
-26330.8
-26430
-26529.2
-26628.4
-26727.6
-26826.9
-26926.1
-27025.3
-27124.5
-27223.7
-27323
-27422.2
-27521.4
-27620.6
-27719.8
-27819
-27918.3
-28017.5
-28116.7
-28215.9
-28315.1
-28398.7
-28482.4
-28566
-28649.6
-28733.2
-28816.8
-28900.4
-28984
-29067.6
-29151.2
-29234.8
-29318.4
-29402
-29485.7
-29569.3
-29652.9
-29736.5
-29820.1
-29903.7
-29987.3
-30070.9
-30154.5
-30238.1
-30321.7
-30405.3
-30489
-30572.6
-30656.2
-30739.8
-30823.4
-30907
-30990.6
-31074.2
-31157.8
-31241.4
-31325
-31408.6
-31492.3
-31575.9
-31659.5
-31743.1
-31826.7
-31910.3
-31993.9
-32077.5
-32161.1
-32244.7
-32328.3
-32411.9
-32495.6
-32579.2
-32662.8
-32746.4
-32830
-32913.6
-32997.2
-33080.8
-33164.4
-33248
-33331.6
-33415.2
-33498.9
-33582.5
-33666.1
-33749.7
-33833.3
-33916.9
-34000.5
-34084.1
-34167.7
-34251.3
-34334.9
-34418.5
-34502.1
-34585.8
-34669.4
-34753
-34836.6
-34920.2
-35003.8
-35087.4
-35171
-35254.6
-35338.2
-35421.8
-35505.4
-35589.1
-35672.7
-35756.3
-35839.9
-35923.5
-36007.1
-36090.7
-36174.3
-36257.9
-36341.5
-36425.1
-36508.7
-36592.4
-36676
-36759.6
-36843.2
-36926.8
-37010.4
-37094
-37177.6
-37261.2
-37344.8
-37428.4
-37512
-37595.7
-37679.3
-37762.9
-37846.5
-37930.1
-38013.7
-38097.3
-38180.9
-38264.5
-38348.1
-38431.7
-38515.3
-38599
-38682.6
-38766.2
-38849.8
-38933.4
-39017
-39100.6
-39184.2
-39267.8
-39351.4
-39435
-39518.6
-39602.3
-39685.9
-39769.5
-39853.1
-39936.7
-40020.3
-40103.9
-40187.5
-40271.1
-40354.7
-40438.3
-40521.9
-40605.6
-40689.2
-40772.8
-40856.4
-40940
-41023.6
-41107.2
-41190.8
-41274.4
-41358
-41441.6
-41525.2
-41608.9
-41692.5
-41776.1
-41859.7
-41943.3
-42026.9
-42110.5
-42194.1
-42277.7
-42361.3
-42444.9
-42528.5
-42612.2
-42695.8
-42779.4
-42863
-42946.6
-43030.2
-43113.8
-43197.4
-43281
-43364.6
-43448.2
-43531.8
-43615.5
-43699.1
-43782.7
-43866.3
-43949.9
-44033.5
-44117.1
-44200.7
-44284.3
-44367.9
-44451.5
-44535.1
-44618.8
-44702.4
-44786
-44869.6
-44953.2
-45036.8
-45120.4
-45204
-45287.6
-45371.2
-45454.8
-45538.4
-45622.1
-45705.7
-45789.3
-45872.9
-45956.5
-46040.1
-46123.7
-46207.3
-46290.9
-46374.5
-46458.1
-46541.7
-46625.4
-46709
-46792.6
-46876.2
-46959.8
-47043.4
-47127
-47210.6
-47294.2
-47377.8
-47461.4
-47545
-47628.7
-47712.3
-47795.9
-47879.5
-47963.1
-48046.7
-48130.3
-48213.9
-48297.5
-48381.1
-48464.7
-48548.3
-48632
-48715.6
-48799.2
-48882.8
-48966.4
-49050
-49133.6
-49217.2
-49300.8
-49384.4
-49468
-49551.6
-49635.3
-49718.9
-49802.5
-49886.1
-49969.7
-50053.3
-50136.9
-50220.5
-50304.1
-50387.7
-50471.3
-50554.9
-50638.6
-50722.2
-50805.8
-50889.4
-50973
-51056.6
-51140.2
-51223.8
-51307.4
-51391
-51474.6
-51558.2
-51641.9
-51725.5
-51809.1
-51892.7
-51976.3
-52059.9
-52143.5
-52227.1
-52310.7
-52394.3
-52477.9
-52561.5
-52645.2
-52728.8
-52812.4
-52896
-52979.6
-53063.2
-53146.8
-53230.4
-53314
-53397.6
-53481.2
-53564.8
-53648.5
-53732.1
-53815.7
-53899.3
-53982.9
-54066.5
-54150.1
-54233.7
-54317.3
-54400.9
-54484.5
-54568.1
-54651.8
-54735.4
-54819
-54902.6
-54986.2
-55069.8
-55153.4
-55237
-55320.6
-55404.2
-55487.8
-55571.4
-55655.1
-55738.7
-55822.3
-55905.9
-55989.5
-56073.1
-56156.7
-56240.3
-56323.9
-56407.5
-56491.1
-56574.7
-56658.4
-56742
-56825.6
-56909.2
-56992.8
-57076.4
-57160
-57243.6
-57327.2
-57410.8
-57494.4
-57578
-57661.7
-57745.3
-57828.9
-57912.5
-57996.1
-58079.7
-58163.3
-58246.9
-58330.5
-58414.1
-58497.7
-58581.3
-58665
-58748.6
-58832.2
-58915.8
-58999.4
-59083
-59166.6
-59250.2
-59333.8
-59417.4
-59501
-59584.6
-59668.3
-59751.9
-59835.5
-59919.1
-60002.7
-60086.3
-60169.9
-60253.5
-60337.1
-60420.7
-60504.3
-60587.9
-60671.6
-60755.2
-60838.8
-60922.4
-61006
-61089.6
-61173.2
-61256.8
-61340.4
-61424
-61507.6
-61591.2
-61674.9
-61758.5
-61842.1
-61925.7
-62009.3
-62092.9
-62176.5
-62260.1
-62343.7
-62427.3
-62510.9
-62594.5
-62678.2
-62761.8
-62845.4
-62929
-63012.6
-63096.2
-63179.8
-63263.4
-63347
-63430.6
-63514.2
-63597.8
-63681.5
-63765.1
-63848.7
-63932.3
-64015.9
-64099.5
-64183.1
-64266.7
-64350.3
-64433.9
-64517.5
-64601.1
-64684.8
-64768.4
-64852
-64935.6
-65019.2
-65102.8
-65186.4
-65270
-65353.6
-65437.2
-65520.8
-65604.4
-65688.1
-65771.7
-65855.3
-65938.9
-65977.3
-66015.7
-66054.1
-66092.5
-66131
-66169.4
-66207.8
-66246.2
-66284.6
-66323
-66361.4
-66399.9
-66438.3
-66476.7
-66515.1
-66553.5
-66591.9
-66630.3
-66668.8
-66707.2
-66745.6
-66784
-66822.4
-66860.8
-66899.2
-66937.7
-66976.1
-67014.5
-67052.9
-67091.3
-67129.7
-67168.1
-67180.9
-67189
-67197.1
-67205.3
-67213.4
-67221.6
-67229.7
-67237.9
-67246
-67254.2
-67262.3
-67270.4
-67278.6
-67286.7
-67294.9
-67303
-67311.2
-67319.3
-67327.5
-67335.6
-67343.7
-67351.9
-67360
-67368.2
-67376.3
-67384.5
-67392.6
-67400.8
-67408.9
-67417.1
-67425.2
-67433.3
-67441.5
-67449.6
-67457.8
-67465.9
-67474.1
-67482.2
-67490.4
-67498.5
-67506.6
-67514.8
-67522.9
-67531.1
-67539.2
-67547.4
-67555.5
-67563.7
-67571.8
-67579.9
-67588.1
-67596.2
-67604.4
-67612.5
-67620.7
-67628.8
-67637
-67645.1
-67653.3
-67661.4
-67669.5
-67677.7
-67685.8
-67694
-67702.1
-67710.3
-67718.4
-67726.6
-65696.5
-63666.5
-61636.4
-59606.4
-57576.3
-55546.3
-53516.3
-51486.2
-49456.2
-47426.1
-45396.1
-43366.1
-41336
-39306
-37275.9
-35245.9
-33215.9
-31387.6
-29713.1
-28069.9
-26704.3
-25338.8
-24352.6
-24016.1
-23926.3
-23842.7
-23759.2
-23675.6
-23592
-23508.4
-23424.8
-23341.2
-23257.6
-23174
-23090.5
-23006.9
-22923.3
-22839.7
-22756.1
-22672.5
-22588.9
-22505.4
-22421.8
-22338.2
-22254.6
-22171
-22087.4
-22003.8
-21920.3
-21836.7
-21753.1
-21669.5
-21585.9
-21502.3
-21418.7
-21335.2
-21251.6
-21168
-21084.4
-21000.8
-20917.2
-20833.6
-20750
-20666.5
-20582.9
-20499.3
-20415.7
-20332.1
-20248.5
-20164.9
-20081.4
-19997.8
-19914.2
-19830.6
-19747
-19663.4
-19579.8
-19496.3
-19412.7
-19329.1
-19245.5
-19161.9
-19078.3
-18994.7
-18911.1
-18827.6
-18744
-18660.4
-18576.8
-18493.2
-18409.6
-18326
-18242.5
-18158.9
-18075.3
-17991.7
-17908.1
-17824.5
-17740.9
-17657.4
-17573.8
-17490.2
-17406.6
-17323
-17239.4
-17155.8
-17072.2
-16988.7
-16905.1
-16821.5
-16737.9
-16654.3
-16570.7
-16487.1
-16403.6
-16320
-16236.4
-16152.8
-16069.2
-15985.6
-15902
-15818.5
-15734.9
-15651.3
-15567.7
-15484.1
-15400.5
-15316.9
-15233.3
-15149.8
-15066.2
-14982.6
-14899
-14815.4
-14731.8
-14648.2
-14564.7
-14481.1
-14397.5
-14313.9
-14230.3
-14146.7
-14063.1
-13979.6
-13896
-13812.4
-13728.8
-13645.2
-13561.6
-13478
-13394.4
-13310.9
-13227.3
-13143.7
-13060.1
-12976.5
-12892.9
-12809.3
-12725.8
-12642.2
-12558.6
-12475
-12391.4
-12307.8
-12224.2
-12140.7
-12057.1
-11973.5
-11889.9
-11806.3
-11722.7
-11639.1
-11555.5
-11472
-11388.4
-11304.8
-11221.2
-11137.6
-11054
-10970.4
-10886.9
-10803.3
-10719.7
-10636.1
-10552.5
-10468.9
-10385.3
-10301.8
-10218.2
-10134.6
-10051
-9967.41
-9883.82
-9800.24
-9716.65
-9633.06
-9549.48
-9465.89
-9382.3
-9298.72
-9215.13
-9131.55
-9047.96
-8964.37
-8880.79
-8797.2
-8713.61
-8630.03
-8546.44
-8462.85
-8379.27
-8295.68
-8212.1
-8128.51
-8044.92
-7961.34
-7877.75
-7794.16
-7710.58
-7626.99
-7543.4
-7459.82
-7376.23
-7292.65
-7209.06
-7125.47
-7041.89
-6958.3
-6874.71
-6791.13
-6707.54
-6623.95
-6540.37
-6456.78
-6373.2
-6289.61
-6206.02
-6122.44
-6038.85
-5955.26
-5871.68
-5788.09
-5704.51
-5620.92
-5537.33
-5453.75
-5370.16
-5286.57
-5202.99
-5119.4
-5035.81
-4952.23
-4868.64
-4785.06
-4701.47
-4617.88
-4534.3
-4450.71
-4367.12
-4283.54
-4199.95
-4116.36
-4032.78
-3949.19
-3865.61
-3782.02
-3698.43
-3614.85
-3531.26
-3447.67
-3364.09
-3280.5
-3196.92
-3113.33
-3029.74
-2946.16
-2862.57
-2778.98
-2695.4
-2611.81
-2528.22
-2444.64
-2361.05
-2277.47
-2193.88
-2110.29
-2026.71
-1943.12
-1859.53
-1775.95
-1692.36
-1608.77
-1525.19
-1441.6
-1358.02
-1274.43
-1190.84
-1107.26
-1023.67
-940.084
-856.498
-772.911
-689.325
-605.739
-522.152
-438.566
-354.98
-271.393
-187.807
-104.221
-20.6342
62.9521
146.538
230.125
313.711
397.297
480.884
564.47
648.056
731.643
815.229
898.815
982.402
1065.99
1149.57
1233.16
1316.75
1400.33
1483.92
1567.51
1651.09
1734.68
1818.27
1901.85
1985.44
2069.02
2152.61
2236.2
2319.78
2403.37
2486.96
2570.54
2654.13
2737.71
2821.3
2904.89
2988.47
3072.06
3155.65
3239.23
3322.82
3406.41
3489.99
3573.58
3657.16
3740.75
3824.34
3907.92
3991.51
4075.1
4158.68
4242.27
4325.86
4409.44
4493.03
4576.61
4660.2
4743.79
4827.37
4910.96
4994.55
5078.13
5161.72
5245.31
5328.89
5412.48
5496.06
5579.65
5663.24
5746.82
5830.41
5914
5997.58
6081.17
6164.75
6248.34
6331.93
6415.51
6499.1
6582.69
6666.27
6749.86
6833.45
6917.03
7000.62
7084.2
7167.79
7251.38
7334.96
7418.55
7502.14
7585.72
7669.31
7752.9
7836.48
7920.07
8003.65
8087.24
8170.83
8254.41
8338
8421.59
8505.17
8588.76
8672.34
8755.93
8839.52
8923.1
9006.69
9090.28
9173.86
9257.45
9341.04
9424.62
9508.21
9591.79
9675.38
9758.97
9842.55
9926.14
10009.7
10093.3
10176.9
10260.5
10344.1
10427.7
10511.2
10594.8
10678.4
10762
10845.6
10929.2
11012.8
11096.3
11179.9
11263.5
11347.1
11430.7
11514.3
11597.9
11681.5
11765
11848.6
11932.2
12015.8
12099.4
12183
12266.6
12350.1
12433.7
12517.3
12600.9
12684.5
12768.1
12851.7
12935.2
13018.8
13102.4
13186
13269.6
13353.2
13436.8
13520.4
13603.9
13687.5
13771.1
13854.7
13938.3
14021.9
14105.5
14189
14272.6
14356.2
14439.8
14523.4
14607
14690.6
14774.1
14857.7
14941.3
15024.9
15108.5
15192.1
15275.7
15359.3
15442.8
15526.4
15610
15693.6
15777.2
15860.8
15944.4
16027.9
16111.5
16195.1
16278.7
16362.3
16445.9
16529.5
16613
16696.6
16780.2
16863.8
16947.4
17031
17114.6
17198.2
17281.7
17365.3
17448.9
17532.5
17616.1
17699.7
17783.3
17866.8
17950.4
18034
18117.6
18201.2
18284.8
18368.4
18451.9
18535.5
18619.1
18702.7
18786.3
18869.9
18953.5
19037.1
19120.6
19204.2
19287.8
19371.4
19455
19538.6
19622.2
19705.7
19789.3
19872.9
19956.5
20040.1
20123.7
20207.3
20290.8
20374.4
20458
20541.6
20625.2
20708.8
20792.4
20876
20959.5
21043.1
21126.7
21210.3
21293.9
21377.5
21461.1
21544.6
21628.2
21711.8
21795.4
21879
21962.6
22046.2
22129.7
22213.3
22296.9
22380.5
22464.1
22547.7
22631.3
22714.8
22798.4
22882
22965.6
23049.2
23132.8
23216.4
23300
23383.5
23467.1
23550.7
23634.3
23717.9
23801.5
23885.1
23968.6
24052.2
24135.8
24219.4
24303
24386.6
24470.2
24553.7
24637.3
24720.9
24804.5
24888.1
24971.7
25055.3
25138.9
25222.4
25306
25389.6
25473.2
25556.8
25640.4
25724
25807.5
25891.1
25974.7
26058.3
26141.9
26225.5
26309.1
26392.6
26476.2
26559.8
26643.4
26727
26810.6
26894.2
26977.8
27061.3
27144.9
27228.5
27312.1
27395.7
27479.3
27562.9
27646.4
27730
27813.6
27897.2
27980.8
28064.4
28148
28231.5
28315.1
28398.7
28482.4
28566
28649.6
28733.2
28816.8
28900.4
28984
29067.6
29151.2
29234.8
29318.4
29402
29485.7
29569.3
29652.9
29736.5
29820.1
29903.7
29987.3
30070.9
30154.5
30238.1
30321.7
30405.3
30489
30572.6
30656.2
30739.8
30823.4
30907
30990.6
31074.2
31157.8
31241.4
31325
31408.6
31492.3
31575.9
31659.5
31743.1
31826.7
31910.3
31993.9
32077.5
32161.1
32244.7
32328.3
32411.9
32495.6
32579.2
32662.8
32746.4
32830
32913.6
32997.2
33080.8
33164.4
33248
33331.6
33415.2
33498.9
33582.5
33666.1
33749.7
33833.3
33916.9
34000.5
34084.1
34167.7
34251.3
34334.9
34418.5
34502.1
34585.8
34669.4
34753
34836.6
34920.2
35003.8
35087.4
35171
35254.6
35338.2
35421.8
35505.4
35589.1
35672.7
35756.3
35839.9
35923.5
36007.1
36090.7
36174.3
36257.9
36341.5
36425.1
36508.7
36592.4
36676
36759.6
36843.2
36926.8
37010.4
37094
37177.6
37261.2
37344.8
37428.4
37512
37595.7
37679.3
37762.9
37846.5
37930.1
38013.7
38097.3
38180.9
38264.5
38348.1
38431.7
38515.3
38599
38682.6
38766.2
38849.8
38933.4
39017
39100.6
39184.2
39267.8
39351.4
39435
39518.6
39602.3
39685.9
39769.5
39853.1
39936.7
40020.3
40103.9
40187.5
40271.1
40354.7
40438.3
40521.9
40605.6
40689.2
40772.8
40856.4
40940
41023.6
41107.2
41190.8
41274.4
41358
41441.6
41525.2
41608.9
41692.5
41776.1
41859.7
41943.3
42026.9
42110.5
42194.1
42277.7
42361.3
42444.9
42528.5
42612.2
42695.8
42779.4
42863
42946.6
43030.2
43113.8
43197.4
43281
43364.6
43448.2
43531.8
43615.5
43699.1
43782.7
43866.3
43949.9
44033.5
44117.1
44200.7
44284.3
44367.9
44451.5
44535.1
44618.8
44702.4
44786
44869.6
44953.2
45036.8
45120.4
45204
45287.6
45371.2
45454.8
45538.4
45622.1
45705.7
45789.3
45872.9
45956.5
46040.1
46123.7
46207.3
46290.9
46374.5
46458.1
46541.7
46625.4
46709
46792.6
46876.2
46959.8
47043.4
47127
47210.6
47294.2
47377.8
47461.4
47545
47628.7
47712.3
47795.9
47879.5
47963.1
48046.7
48130.3
48213.9
48297.5
48381.1
48464.7
48548.3
48632
48715.6
48799.2
48882.8
48966.4
49050
49133.6
49217.2
49300.8
49384.4
49468
49551.6
49635.3
49718.9
49802.5
49886.1
49969.7
50053.3
50136.9
50220.5
50304.1
50387.7
50471.3
50554.9
50638.6
50722.2
50805.8
50889.4
50973
51056.6
51140.2
51223.8
51307.4
51391
51474.6
51558.2
51641.9
51725.5
51809.1
51892.7
51976.3
52059.9
52143.5
52227.1
52310.7
52394.3
52477.9
52561.5
52645.2
52728.8
52812.4
52896
52979.6
53063.2
53146.8
53230.4
53314
53397.6
53481.2
53564.8
53648.5
53732.1
53815.7
53899.3
53982.9
54066.5
54150.1
54233.7
54317.3
54400.9
54484.5
54568.1
54651.8
54735.4
54819
54902.6
54986.2
55069.8
55153.4
55237
55320.6
55404.2
55487.8
55571.4
55655.1
55738.7
55822.3
55905.9
55989.5
56073.1
56156.7
56240.3
56323.9
56407.5
56491.1
56574.7
56658.4
56742
56825.6
56909.2
56992.8
57076.4
57160
57243.6
57327.2
57410.8
57494.4
57578
57661.7
57745.3
57828.9
57912.5
57996.1
58079.7
58163.3
58246.9
58330.5
58414.1
58497.7
58581.3
58665
58748.6
58832.2
58915.8
58999.4
59083
59166.6
59250.2
59333.8
59417.4
59501
59584.6
59668.3
59751.9
59835.5
59919.1
60002.7
60086.3
60169.9
60253.5
60337.1
60420.7
60504.3
60587.9
60671.6
60755.2
60838.8
60922.4
61006
61089.6
61173.2
61256.8
61340.4
61424
61507.6
61591.2
61674.9
61758.5
61842.1
61925.7
62009.3
62092.9
62176.5
62260.1
62343.7
62427.3
62510.9
62594.5
62678.2
62761.8
62845.4
62929
63012.6
63096.2
63179.8
63263.4
63347
63430.6
63514.2
63597.8
63681.5
63765.1
63848.7
63932.3
64015.9
64099.5
64183.1
64266.7
64350.3
64433.9
64517.5
64601.1
64684.8
64768.4
64852
64935.6
65019.2
65102.8
65186.4
65270
65353.6
65437.2
65520.8
65604.4
65688.1
65771.7
65855.3
65938.9
65977.3
66015.7
66054.1
66092.5
66131
66169.4
66207.8
66246.2
66284.6
66323
66361.4
66399.9
66438.3
66476.7
66515.1
66553.5
66591.9
66630.3
66668.8
66707.2
66745.6
66784
66822.4
66860.8
66899.2
66937.7
66976.1
67014.5
67052.9
67091.3
67129.7
67168.1
67180.9
67189
67197.1
67205.3
67213.4
67221.6
67229.7
67237.9
67246
67254.2
67262.3
67270.4
67278.6
67286.7
67294.9
67303
67311.2
67319.3
67327.5
67335.6
67343.7
67351.9
67360
67368.2
67376.3
67384.5
67392.6
67400.8
67408.9
67417.1
67425.2
67433.3
67441.5
67449.6
67457.8
67465.9
67474.1
67482.2
67490.4
67498.5
67506.6
67514.8
67522.9
67531.1
67539.2
67547.4
67555.5
67563.7
67571.8
67579.9
67588.1
67596.2
67604.4
67612.5
67620.7
67628.8
67637
67645.1
67653.3
67661.4
67669.5
67677.7
67685.8
67694
67702.1
67710.3
67718.4
67726.6
65696.5
63666.5
61636.4
59606.4
57576.3
55546.3
53516.3
51486.2
49456.2
47426.1
45396.1
43366.1
41336
39306
37275.9
35245.9
33215.9
31387.7
29713.3
28070.2
27305.6
26965.5
26625.3
26285.2
26191.9
26104.8
26017.7
25930.6
25843.5
25756.4
25669.3
25582.2
25495.1
25408.1
25321
25233.9
25146.8
25059.7
24972.6
24885.5
24798.4
24711.3
24624.2
24537.1
24450
24362.9
24275.8
24188.7
24101.6
24014.5
23927.4
23840.3
23753.2
23666.1
23579
23491.9
23404.8
23317.7
23230.6
23143.5
23056.4
22969.3
22882.2
22795.1
22708
22620.9
22533.8
22446.7
22359.6
22272.5
22185.4
22098.3
22011.2
21924.1
21837
21749.9
21662.8
21575.7
21488.6
21401.5
21314.4
21227.3
21140.2
21053.1
20966
20878.9
20791.8
20704.7
20617.6
20530.6
20443.5
20356.4
20269.3
20182.2
20095.1
20008
19920.9
19833.8
19746.7
19659.6
19572.5
19485.4
19398.3
19311.2
19224.1
19137
19049.9
18962.8
18875.7
18788.6
18701.5
18614.4
18527.3
18440.2
18353.1
18266
18178.9
18091.8
18004.7
17917.6
17830.5
17743.4
17656.3
17569.2
17482.1
17395
17307.9
17220.8
17133.7
17046.6
16959.5
16872.4
16785.3
16698.2
16611.1
16524
16436.9
16349.8
16262.7
16175.6
16088.5
16001.4
15914.3
15827.2
15740.1
15653.1
15566
15478.9
15391.8
15304.7
15217.6
15130.5
15043.4
14956.3
14869.2
14782.1
14695
14607.9
14520.8
14433.7
14346.6
14259.5
14172.4
14085.3
13998.2
13911.1
13824
13736.9
13649.8
13562.7
13475.6
13388.5
13301.4
13214.3
13127.2
13040.1
12953
12865.9
12778.8
12691.7
12604.6
12517.5
12430.4
12343.3
12256.2
12169.1
12082
11994.9
11907.8
11820.7
11733.6
11646.5
11559.4
11472.3
11385.2
11298.1
11211
11123.9
11036.8
10949.7
10862.6
10775.6
10688.5
10601.4
10514.3
10427.2
10340.1
10253
10165.9
10078.8
9991.67
9904.57
9817.47
9730.37
9643.27
9556.18
9469.08
9381.98
9294.88
9207.78
9120.68
9033.59
8946.49
8859.39
8772.29
8685.19
8598.1
8511
8423.9
8336.8
8249.7
8162.6
8075.51
7988.41
7901.31
7814.21
7727.11
7640.01
7552.92
7465.82
7378.72
7291.62
7204.52
7117.43
7030.33
6943.23
6856.13
6769.03
6681.93
6594.84
6507.74
6420.64
6333.54
6246.44
6159.35
6072.25
5985.15
5898.05
5810.95
5723.85
5636.76
5549.66
5462.56
5375.46
5288.36
5201.26
5114.17
5027.07
4939.97
4852.87
4765.77
4678.68
4591.58
4504.48
4417.38
4330.28
4243.18
4156.09
4068.99
3981.89
3894.79
3807.69
3720.59
3633.5
3546.4
3459.3
3372.2
3285.1
3198.01
3110.91
3023.81
2936.71
2849.61
2762.51
2675.42
2588.32
2501.22
2414.12
2327.02
2239.93
2152.83
2065.73
1978.63
1891.53
1804.43
1717.34
1630.24
1543.14
1456.04
1368.94
1281.84
1194.75
1107.65
1020.55
933.452
846.354
759.256
672.157
585.059
497.961
410.863
323.765
236.666
149.568
62.4699
-24.6283
-111.727
-198.825
-285.923
-373.021
-460.119
-547.218
-634.316
-721.414
-808.512
-895.61
-982.709
-1069.81
-1156.91
-1244
-1331.1
-1418.2
-1505.3
-1592.4
-1679.49
-1766.59
-1853.69
-1940.79
-2027.89
-2114.99
-2202.08
-2289.18
-2376.28
-2463.38
-2550.48
-2637.57
-2724.67
-2811.77
-2898.87
-2985.97
-3073.07
-3160.16
-3247.26
-3334.36
-3421.46
-3508.56
-3595.66
-3682.75
-3769.85
-3856.95
-3944.05
-4031.15
-4118.24
-4205.34
-4292.44
-4379.54
-4466.64
-4553.74
-4640.83
-4727.93
-4815.03
-4902.13
-4989.23
-5076.32
-5163.42
-5250.52
-5337.62
-5424.72
-5511.82
-5598.91
-5686.01
-5773.11
-5860.21
-5947.31
-6034.41
-6121.5
-6208.6
-6295.7
-6382.8
-6469.9
-6556.99
-6644.09
-6731.19
-6818.29
-6905.39
-6992.49
-7079.58
-7166.68
-7253.78
-7340.88
-7427.98
-7515.07
-7602.17
-7689.27
-7776.37
-7863.47
-7950.57
-8037.66
-8124.76
-8211.86
-8298.96
-8386.06
-8473.16
-8560.25
-8647.35
-8734.45
-8821.55
-8908.65
-8995.74
-9082.84
-9169.94
-9257.04
-9344.14
-9431.24
-9518.33
-9605.43
-9692.53
-9779.63
-9866.73
-9953.82
-10040.9
-10128
-10215.1
-10302.2
-10389.3
-10476.4
-10563.5
-10650.6
-10737.7
-10824.8
-10911.9
-10999
-11086.1
-11173.2
-11260.3
-11347.4
-11434.5
-11521.6
-11608.7
-11695.8
-11782.9
-11870
-11957.1
-12044.2
-12131.3
-12218.4
-12305.5
-12392.6
-12479.7
-12566.8
-12653.9
-12741
-12828.1
-12915.2
-13002.3
-13089.4
-13176.5
-13263.6
-13350.7
-13437.8
-13524.9
-13611.9
-13699
-13786.1
-13873.2
-13960.3
-14047.4
-14134.5
-14221.6
-14308.7
-14395.8
-14482.9
-14570
-14657.1
-14744.2
-14831.3
-14918.4
-15005.5
-15092.6
-15179.7
-15266.8
-15353.9
-15441
-15528.1
-15615.2
-15702.3
-15789.4
-15876.5
-15963.6
-16050.7
-16137.8
-16224.9
-16312
-16399.1
-16486.2
-16573.3
-16660.4
-16747.5
-16834.6
-16921.7
-17008.8
-17095.9
-17183
-17270.1
-17357.2
-17444.3
-17531.4
-17618.5
-17705.6
-17792.7
-17879.8
-17966.9
-18054
-18141.1
-18228.2
-18315.3
-18402.4
-18489.4
-18576.5
-18663.6
-18750.7
-18837.8
-18924.9
-19012
-19099.1
-19186.2
-19273.3
-19360.4
-19447.5
-19534.6
-19621.7
-19708.8
-19795.9
-19883
-19970.1
-20057.2
-20144.3
-20231.4
-20318.5
-20405.6
-20492.7
-20579.8
-20666.9
-20754
-20841.1
-20928.2
-21015.3
-21102.4
-21189.5
-21276.6
-21363.7
-21450.8
-21537.9
-21625
-21712.1
-21799.2
-21886.3
-21973.4
-22060.5
-22147.6
-22234.7
-22321.8
-22408.9
-22496
-22583.1
-22670.2
-22757.3
-22844.4
-22931.5
-23018.6
-23105.7
-23192.8
-23279.9
-23367
-23454
-23541.1
-23628.2
-23715.3
-23802.4
-23889.5
-23976.6
-24063.7
-24150.8
-24237.9
-24325
-24412.1
-24499.2
-24586.3
-24673.4
-24760.5
-24847.6
-24934.7
-25021.8
-25108.9
-25196
-25283.1
-25370.2
-25457.3
-25544.4
-25631.5
-25718.6
-25805.7
-25892.8
-25979.9
-26067
-26154.1
-26241.2
-26328.3
-26415.4
-26502.5
-26589.6
-26676.7
-26763.8
-26850.9
-26938
-27025.1
-27112.2
-27199.3
-27286.4
-27373.5
-27460.6
-27547.7
-27634.8
-27721.9
-27809
-27896.1
-27983.2
-28070.3
-28157.4
-28244.5
-28331.5
-28418.6
-28505.7
-28592.8
-28679.9
-28767
-28854.1
-28941.2
-29028.3
-29115.4
-29186.9
-29258.4
-29329.9
-29401.4
-29472.9
-29544.4
-29615.9
-29687.4
-29759
-29830.5
-29902
-29973.5
-30045
-30116.5
-30188
-30259.5
-30331
-30402.5
-30474
-30545.5
-30617
-30688.5
-30760
-30831.5
-30903
-30974.5
-31046
-31117.5
-31189
-31260.5
-31332
-31403.5
-31475
-31546.5
-31618
-31689.5
-31761
-31832.5
-31904
-31975.5
-32047
-32118.5
-32190
-32261.5
-32333
-32404.5
-32476
-32547.5
-32619
-32690.5
-32762
-32833.5
-32905
-32976.5
-33048
-33119.5
-33191.1
-33262.6
-33334.1
-33405.6
-33477.1
-33548.6
-33620.1
-33691.6
-33763.1
-33834.6
-33906.1
-33977.6
-34049.1
-34120.6
-34192.1
-34263.6
-34335.1
-34406.6
-34478.1
-34549.6
-34621.1
-34692.6
-34764.1
-34835.6
-34907.1
-34978.6
-35050.1
-35121.6
-35193.1
-35264.6
-35336.1
-35407.6
-35479.1
-35550.6
-35622.1
-35693.6
-35765.1
-35836.6
-35908.1
-35979.6
-36051.1
-36122.6
-36194.1
-36265.6
-36337.1
-36408.6
-36480.1
-36551.6
-36623.2
-36694.7
-36766.2
-36837.7
-36909.2
-36980.7
-37052.2
-37123.7
-37195.2
-37266.7
-37338.2
-37409.7
-37481.2
-37552.7
-37624.2
-37695.7
-37767.2
-37838.7
-37910.2
-37981.7
-38053.2
-38124.7
-38196.2
-38267.7
-38339.2
-38410.7
-38482.2
-38553.7
-38625.2
-38696.7
-38768.2
-38839.7
-38911.2
-38982.7
-39054.2
-39125.7
-39197.2
-39268.7
-39340.2
-39411.7
-39483.2
-39554.7
-39626.2
-39697.7
-39769.2
-39840.7
-39912.2
-39983.7
-40055.3
-40126.8
-40198.3
-40269.8
-40341.3
-40412.8
-40484.3
-40555.8
-40627.3
-40698.8
-40770.3
-40841.8
-40913.3
-40984.8
-41056.3
-41127.8
-41199.3
-41270.8
-41342.3
-41413.8
-41485.3
-41556.8
-41628.3
-41699.8
-41771.3
-41842.8
-41914.3
-41985.8
-42057.3
-42128.8
-42200.3
-42271.8
-42343.3
-42414.8
-42486.3
-42557.8
-42629.3
-42700.8
-42772.3
-42843.8
-42915.3
-42986.8
-43058.3
-43129.8
-43201.3
-43272.8
-43344.3
-43415.8
-43487.3
-43558.9
-43630.4
-43701.9
-43773.4
-43844.9
-43916.4
-43987.9
-44059.4
-44130.9
-44202.4
-44273.9
-44345.4
-44416.9
-44488.4
-44559.9
-44631.4
-44702.9
-44774.4
-44845.9
-44917.4
-44988.9
-45060.4
-45131.9
-45203.4
-45274.9
-45346.4
-45417.9
-45489.4
-45560.9
-45632.4
-45703.9
-45775.4
-45846.9
-45918.4
-45989.9
-46061.4
-46132.9
-46204.4
-46275.9
-46347.4
-46418.9
-46490.4
-46561.9
-46633.4
-46704.9
-46776.4
-46847.9
-46919.4
-46991
-47062.5
-47134
-47205.5
-47277
-47348.5
-47420
-47491.5
-47563
-47634.5
-47706
-47777.5
-47849
-47920.5
-47992
-48063.5
-48135
-48206.5
-48278
-48349.5
-48421
-48492.5
-48564
-48635.5
-48707
-48778.5
-48850
-48921.5
-48993
-49064.5
-49136
-49207.5
-49279
-49350.5
-49422
-49493.5
-49565
-49636.5
-49708
-49779.5
-49851
-49922.5
-49994
-50065.5
-50137
-50208.5
-50280
-50351.5
-50423.1
-50494.6
-50566.1
-50637.6
-50709.1
-50780.6
-50852.1
-50923.6
-50995.1
-51066.6
-51138.1
-51209.6
-51281.1
-51352.6
-51424.1
-51495.6
-51567.1
-51638.6
-51710.1
-51781.6
-51853.1
-51924.6
-51996.1
-52067.6
-52139.1
-52210.6
-52282.1
-52353.6
-52425.1
-52496.6
-52568.1
-52639.6
-52711.1
-52782.6
-52854.1
-52925.6
-52997.1
-53068.6
-53140.1
-53211.6
-53283.1
-53354.6
-53426.1
-53497.6
-53569.1
-53640.6
-53712.1
-53783.6
-53855.2
-53926.7
-53998.2
-54069.7
-54141.2
-54212.7
-54284.2
-54355.7
-54427.2
-54498.7
-54570.2
-54641.7
-54713.2
-54784.7
-54856.2
-54927.7
-54999.2
-55070.7
-55142.2
-55213.7
-55285.2
-55356.7
-55428.2
-55499.7
-55571.2
-55642.7
-55714.2
-55785.7
-55857.2
-55928.7
-56000.2
-56071.7
-56143.2
-56214.7
-56286.2
-56357.7
-56429.2
-56500.7
-56572.2
-56643.7
-56715.2
-56786.7
-56858.2
-56929.7
-57001.2
-57072.7
-57144.2
-57215.7
-57287.3
-57358.8
-57430.3
-57501.8
-57573.3
-57644.8
-57716.3
-57787.8
-57859.3
-57930.8
-58002.3
-58073.8
-58145.3
-58216.8
-58288.3
-58359.8
-58431.3
-58502.8
-58574.3
-58645.8
-58717.3
-58788.8
-58860.3
-58931.8
-59003.3
-59074.8
-59146.3
-59217.8
-59289.3
-59360.8
-59432.3
-59503.8
-59575.3
-59646.8
-59718.3
-59789.8
-59861.3
-59932.8
-60004.3
-60075.8
-60147.3
-60218.8
-60290.3
-60361.8
-60433.3
-60504.8
-60576.3
-60647.8
-60719.4
-60790.9
-60862.4
-60933.9
-61005.4
-61076.9
-61148.4
-61219.9
-61291.4
-61362.9
-61434.4
-61505.9
-61577.4
-61648.9
-61720.4
-61791.9
-61863.4
-61934.9
-62006.4
-62077.9
-62149.4
-62220.9
-62292.4
-62363.9
-62435.4
-62506.9
-62578.4
-62649.9
-62721.4
-62792.9
-62864.4
-62935.9
-63007.4
-63078.9
-63150.4
-63221.9
-63293.4
-63364.9
-63436.4
-63507.9
-63579.4
-63650.9
-63722.4
-63793.9
-63865.4
-63936.9
-64008.4
-64079.9
-64151.4
-64223
-64294.5
-64366
-64437.5
-64509
-64580.5
-64652
-64723.5
-64795
-64866.5
-64938
-65009.5
-65081
-65152.5
-65224
-65295.5
-65367
-65438.5
-65510
-65581.5
-65653
-65724.5
-65796
-65867.5
-65939
-66010.5
-66082
-66153.5
-66225
-66296.5
-66368
-66439.5
-66511
-66582.5
-66654
-66725.5
-66797
-66868.5
-66940
-67011.5
-67083
-67154.5
-67226
-67297.5
-67369
-67440.5
-67512
-67583.5
-67655.1
-67726.6
-67734.7
-67742.8
-67751
-67759.1
-67767.3
-67775.4
-67783.6
-67791.7
-67799.9
-67808
-67816.1
-67824.3
-67832.4
-67840.6
-67848.7
-67856.9
-67865
-67873.2
-67881.3
-67889.4
-67897.6
-67905.7
-67913.9
-67922
-67930.2
-67938.3
-67946.5
-67954.6
-67962.8
-67970.9
-67979
-67987.2
-67995.3
-68003.5
-68011.6
-68019.8
-68027.9
-68036.1
-68044.2
-68052.3
-68060.5
-68068.6
-68076.8
-68084.9
-68093.1
-68101.2
-68109.4
-68117.5
-68125.6
-68133.8
-68141.9
-68150.1
-68158.2
-68166.4
-68174.5
-68182.7
-68190.8
-68199
-68207.1
-68215.2
-68223.4
-68231.5
-68239.7
-68247.8
-68256
-68264.1
-68272.3
-68280.4
-68288.5
-68296.7
-68304.8
-68313
-68321.1
-68329.3
-68337.4
-68345.6
-68353.7
-68361.8
-68370
-68378.1
-68386.3
-68394.4
-68402.6
-68410.7
-68418.9
-68427
-68435.1
-68443.3
-68451.4
-68459.6
-68467.7
-68475.9
-68484
-68492.2
-68500.3
-68508.5
-68516.6
-68524.7
-68532.9
-68541
-66511
-64480.9
-62450.9
-60420.9
-58390.8
-56360.8
-54330.7
-52300.7
-50270.7
-48240.6
-46210.6
-44180.5
-42150.5
-40120.5
-38090.4
-36060.4
-34030.3
-32171.6
-30498.6
-28829.7
-27467.1
-27044.7
-26714.9
-26385.1
-26281.2
-26205.9
-26130.5
-26055.1
-25979.8
-25904.4
-25829
-25753.7
-25678.3
-25602.9
-25527.6
-25452.2
-25376.8
-25301.4
-25226.1
-25150.7
-25075.3
-25000
-24924.6
-24849.2
-24773.9
-24698.5
-24623.1
-24547.7
-24472.4
-24397
-24321.6
-24246.3
-24170.9
-24095.5
-24020.2
-23944.8
-23869.4
-23794.1
-23718.7
-23643.3
-23567.9
-23492.6
-23417.2
-23341.8
-23266.5
-23191.1
-23115.7
-23040.4
-22965
-22889.6
-22814.2
-22738.9
-22663.5
-22588.1
-22512.8
-22437.4
-22362
-22286.7
-22211.3
-22135.9
-22060.5
-21985.2
-21909.8
-21834.4
-21759.1
-21683.7
-21608.3
-21533
-21457.6
-21382.2
-21306.9
-21231.5
-21156.1
-21080.7
-21005.4
-20930
-20854.6
-20779.3
-20703.9
-20628.5
-20553.2
-20477.8
-20402.4
-20327
-20251.7
-20176.3
-20100.9
-20025.6
-19950.2
-19874.8
-19799.5
-19724.1
-19648.7
-19573.4
-19498
-19422.6
-19347.2
-19271.9
-19196.5
-19121.1
-19045.8
-18970.4
-18895
-18819.7
-18744.3
-18668.9
-18593.5
-18518.2
-18442.8
-18367.4
-18292.1
-18216.7
-18141.3
-18066
-17990.6
-17915.2
-17839.9
-17764.5
-17689.1
-17613.7
-17538.4
-17463
-17387.6
-17312.3
-17236.9
-17161.5
-17086.2
-17010.8
-16935.4
-16860
-16784.7
-16709.3
-16633.9
-16558.6
-16483.2
-16407.8
-16332.5
-16257.1
-16181.7
-16106.3
-16031
-15955.6
-15880.2
-15804.9
-15729.5
-15654.1
-15578.8
-15503.4
-15428
-15352.7
-15277.3
-15201.9
-15126.5
-15051.2
-14975.8
-14900.4
-14825.1
-14749.7
-14674.3
-14599
-14523.6
-14448.2
-14372.8
-14297.5
-14222.1
-14146.7
-14071.4
-13996
-13920.6
-13845.3
-13769.9
-13694.5
-13619.2
-13543.8
-13468.4
-13393
-13317.7
-13242.3
-13166.9
-13091.6
-13016.2
-12940.8
-12865.5
-12790.1
-12714.7
-12639.3
-12564
-12488.6
-12413.2
-12337.9
-12262.5
-12187.1
-12111.8
-12036.4
-11961
-11885.6
-11810.3
-11734.9
-11659.5
-11584.2
-11508.8
-11433.4
-11358.1
-11282.7
-11207.3
-11132
-11056.6
-10981.2
-10905.8
-10830.5
-10755.1
-10679.7
-10604.4
-10529
-10453.6
-10378.3
-10302.9
-10227.5
-10152.1
-10076.8
-10001.4
-9926.04
-9850.67
-9775.3
-9699.93
-9624.56
-9549.19
-9473.82
-9398.45
-9323.08
-9247.71
-9172.34
-9096.97
-9021.6
-8946.23
-8870.86
-8795.49
-8720.12
-8644.75
-8569.39
-8494.02
-8418.65
-8343.28
-8267.91
-8192.54
-8117.17
-8041.8
-7966.43
-7891.06
-7815.69
-7740.32
-7664.95
-7589.58
-7514.21
-7438.84
-7363.47
-7288.1
-7212.73
-7137.36
-7061.99
-6986.62
-6911.25
-6835.88
-6760.51
-6685.14
-6609.77
-6534.41
-6459.04
-6383.67
-6308.3
-6232.93
-6157.56
-6082.19
-6006.82
-5931.45
-5856.08
-5780.71
-5705.34
-5629.97
-5554.6
-5479.23
-5403.86
-5328.49
-5253.12
-5177.75
-5102.38
-5027.01
-4951.64
-4876.27
-4800.9
-4725.53
-4650.16
-4574.79
-4499.42
-4424.06
-4348.69
-4273.32
-4197.95
-4122.58
-4047.21
-3971.84
-3896.47
-3821.1
-3745.73
-3670.36
-3594.99
-3519.62
-3444.25
-3368.88
-3293.51
-3218.14
-3142.77
-3067.4
-2992.03
-2916.66
-2841.29
-2765.92
-2690.55
-2615.18
-2539.81
-2464.44
-2389.08
-2313.71
-2238.34
-2162.97
-2087.6
-2012.23
-1936.86
-1861.49
-1786.12
-1710.75
-1635.38
-1560.01
-1484.64
-1409.27
-1333.9
-1258.53
-1183.16
-1107.79
-1032.42
-957.052
-881.682
-806.313
-730.943
-655.574
-580.204
-504.834
-429.465
-354.095
-278.725
-203.356
-127.986
-52.6165
22.7531
98.1228
173.492
248.862
324.232
399.601
474.971
550.341
625.71
701.08
776.449
851.819
927.189
1002.56
1077.93
1153.3
1228.67
1304.04
1379.41
1454.78
1530.15
1605.52
1680.89
1756.25
1831.62
1906.99
1982.36
2057.73
2133.1
2208.47
2283.84
2359.21
2434.58
2509.95
2585.32
2660.69
2736.06
2811.43
2886.8
2962.17
3037.54
3112.91
3188.28
3263.65
3339.02
3414.39
3489.76
3565.13
3640.5
3715.87
3791.23
3866.6
3941.97
4017.34
4092.71
4168.08
4243.45
4318.82
4394.19
4469.56
4544.93
4620.3
4695.67
4771.04
4846.41
4921.78
4997.15
5072.52
5147.89
5223.26
5298.63
5374
5449.37
5524.74
5600.11
5675.48
5750.85
5826.22
5901.58
5976.95
6052.32
6127.69
6203.06
6278.43
6353.8
6429.17
6504.54
6579.91
6655.28
6730.65
6806.02
6881.39
6956.76
7032.13
7107.5
7182.87
7258.24
7333.61
7408.98
7484.35
7559.72
7635.09
7710.46
7785.83
7861.2
7936.56
8011.93
8087.3
8162.67
8238.04
8313.41
8388.78
8464.15
8539.52
8614.89
8690.26
8765.63
8841
8916.37
8991.74
9067.11
9142.48
9217.85
9293.22
9368.59
9443.96
9519.33
9594.7
9670.07
9745.44
9820.81
9896.18
9971.54
10046.9
10122.3
10197.7
10273
10348.4
10423.8
10499.1
10574.5
10649.9
10725.2
10800.6
10876
10951.4
11026.7
11102.1
11177.5
11252.8
11328.2
11403.6
11478.9
11554.3
11629.7
11705
11780.4
11855.8
11931.2
12006.5
12081.9
12157.3
12232.6
12308
12383.4
12458.7
12534.1
12609.5
12684.9
12760.2
12835.6
12911
12986.3
13061.7
13137.1
13212.4
13287.8
13363.2
13438.5
13513.9
13589.3
13664.7
13740
13815.4
13890.8
13966.1
14041.5
14116.9
14192.2
14267.6
14343
14418.4
14493.7
14569.1
14644.5
14719.8
14795.2
14870.6
14945.9
15021.3
15096.7
15172
15247.4
15322.8
15398.2
15473.5
15548.9
15624.3
15699.6
15775
15850.4
15925.7
16001.1
16076.5
16151.9
16227.2
16302.6
16378
16453.3
16528.7
16604.1
16679.4
16754.8
16830.2
16905.6
16980.9
17056.3
17131.7
17207
17282.4
17357.8
17433.1
17508.5
17583.9
17659.2
17734.6
17810
17885.4
17960.7
18036.1
18111.5
18186.8
18262.2
18337.6
18412.9
18488.3
18563.7
18639.1
18714.4
18789.8
18865.2
18940.5
19015.9
19091.3
19166.6
19242
19317.4
19392.7
19468.1
19543.5
19618.9
19694.2
19769.6
19845
19920.3
19995.7
20071.1
20146.4
20221.8
20297.2
20372.6
20447.9
20523.3
20598.7
20674
20749.4
20824.8
20900.1
20975.5
21050.9
21126.3
21201.6
21277
21352.4
21427.7
21503.1
21578.5
21653.8
21729.2
21804.6
21879.9
21955.3
22030.7
22106.1
22181.4
22256.8
22332.2
22407.5
22482.9
22558.3
22633.6
22709
22784.4
22859.8
22935.1
23010.5
23085.9
23161.2
23236.6
23312
23387.3
23462.7
23538.1
23613.4
23688.8
23764.2
23839.6
23914.9
23990.3
24065.7
24141
24216.4
24291.8
24367.1
24442.5
24517.9
24593.3
24668.6
24744
24819.4
24894.7
24970.1
25045.5
25120.8
25196.2
25271.6
25347
25422.3
25497.7
25573.1
25648.4
25723.8
25799.2
25874.5
25949.9
26025.3
26100.6
26176
26251.4
26326.8
26402.1
26477.5
26552.9
26628.2
26703.6
26779
26854.3
26929.7
27005.1
27080.5
27155.8
27231.2
27306.6
27381.9
27457.3
27532.7
27608
27683.4
27758.8
27834.1
27909.5
27984.9
28060.3
28135.6
28211
28286.4
28361.7
28437.1
28512.5
28587.8
28663.2
28738.6
28814
28889.3
28964.7
29040.1
29115.4
29186.9
29258.4
29329.9
29401.4
29472.9
29544.4
29615.9
29687.4
29759
29830.5
29902
29973.5
30045
30116.5
30188
30259.5
30331
30402.5
30474
30545.5
30617
30688.5
30760
30831.5
30903
30974.5
31046
31117.5
31189
31260.5
31332
31403.5
31475
31546.5
31618
31689.5
31761
31832.5
31904
31975.5
32047
32118.5
32190
32261.5
32333
32404.5
32476
32547.5
32619
32690.5
32762
32833.5
32905
32976.5
33048
33119.5
33191.1
33262.6
33334.1
33405.6
33477.1
33548.6
33620.1
33691.6
33763.1
33834.6
33906.1
33977.6
34049.1
34120.6
34192.1
34263.6
34335.1
34406.6
34478.1
34549.6
34621.1
34692.6
34764.1
34835.6
34907.1
34978.6
35050.1
35121.6
35193.1
35264.6
35336.1
35407.6
35479.1
35550.6
35622.1
35693.6
35765.1
35836.6
35908.1
35979.6
36051.1
36122.6
36194.1
36265.6
36337.1
36408.6
36480.1
36551.6
36623.2
36694.7
36766.2
36837.7
36909.2
36980.7
37052.2
37123.7
37195.2
37266.7
37338.2
37409.7
37481.2
37552.7
37624.2
37695.7
37767.2
37838.7
37910.2
37981.7
38053.2
38124.7
38196.2
38267.7
38339.2
38410.7
38482.2
38553.7
38625.2
38696.7
38768.2
38839.7
38911.2
38982.7
39054.2
39125.7
39197.2
39268.7
39340.2
39411.7
39483.2
39554.7
39626.2
39697.7
39769.2
39840.7
39912.2
39983.7
40055.3
40126.8
40198.3
40269.8
40341.3
40412.8
40484.3
40555.8
40627.3
40698.8
40770.3
40841.8
40913.3
40984.8
41056.3
41127.8
41199.3
41270.8
41342.3
41413.8
41485.3
41556.8
41628.3
41699.8
41771.3
41842.8
41914.3
41985.8
42057.3
42128.8
42200.3
42271.8
42343.3
42414.8
42486.3
42557.8
42629.3
42700.8
42772.3
42843.8
42915.3
42986.8
43058.3
43129.8
43201.3
43272.8
43344.3
43415.8
43487.3
43558.9
43630.4
43701.9
43773.4
43844.9
43916.4
43987.9
44059.4
44130.9
44202.4
44273.9
44345.4
44416.9
44488.4
44559.9
44631.4
44702.9
44774.4
44845.9
44917.4
44988.9
45060.4
45131.9
45203.4
45274.9
45346.4
45417.9
45489.4
45560.9
45632.4
45703.9
45775.4
45846.9
45918.4
45989.9
46061.4
46132.9
46204.4
46275.9
46347.4
46418.9
46490.4
46561.9
46633.4
46704.9
46776.4
46847.9
46919.4
46991
47062.5
47134
47205.5
47277
47348.5
47420
47491.5
47563
47634.5
47706
47777.5
47849
47920.5
47992
48063.5
48135
48206.5
48278
48349.5
48421
48492.5
48564
48635.5
48707
48778.5
48850
48921.5
48993
49064.5
49136
49207.5
49279
49350.5
49422
49493.5
49565
49636.5
49708
49779.5
49851
49922.5
49994
50065.5
50137
50208.5
50280
50351.5
50423.1
50494.6
50566.1
50637.6
50709.1
50780.6
50852.1
50923.6
50995.1
51066.6
51138.1
51209.6
51281.1
51352.6
51424.1
51495.6
51567.1
51638.6
51710.1
51781.6
51853.1
51924.6
51996.1
52067.6
52139.1
52210.6
52282.1
52353.6
52425.1
52496.6
52568.1
52639.6
52711.1
52782.6
52854.1
52925.6
52997.1
53068.6
53140.1
53211.6
53283.1
53354.6
53426.1
53497.6
53569.1
53640.6
53712.1
53783.6
53855.2
53926.7
53998.2
54069.7
54141.2
54212.7
54284.2
54355.7
54427.2
54498.7
54570.2
54641.7
54713.2
54784.7
54856.2
54927.7
54999.2
55070.7
55142.2
55213.7
55285.2
55356.7
55428.2
55499.7
55571.2
55642.7
55714.2
55785.7
55857.2
55928.7
56000.2
56071.7
56143.2
56214.7
56286.2
56357.7
56429.2
56500.7
56572.2
56643.7
56715.2
56786.7
56858.2
56929.7
57001.2
57072.7
57144.2
57215.7
57287.3
57358.8
57430.3
57501.8
57573.3
57644.8
57716.3
57787.8
57859.3
57930.8
58002.3
58073.8
58145.3
58216.8
58288.3
58359.8
58431.3
58502.8
58574.3
58645.8
58717.3
58788.8
58860.3
58931.8
59003.3
59074.8
59146.3
59217.8
59289.3
59360.8
59432.3
59503.8
59575.3
59646.8
59718.3
59789.8
59861.3
59932.8
60004.3
60075.8
60147.3
60218.8
60290.3
60361.8
60433.3
60504.8
60576.3
60647.8
60719.4
60790.9
60862.4
60933.9
61005.4
61076.9
61148.4
61219.9
61291.4
61362.9
61434.4
61505.9
61577.4
61648.9
61720.4
61791.9
61863.4
61934.9
62006.4
62077.9
62149.4
62220.9
62292.4
62363.9
62435.4
62506.9
62578.4
62649.9
62721.4
62792.9
62864.4
62935.9
63007.4
63078.9
63150.4
63221.9
63293.4
63364.9
63436.4
63507.9
63579.4
63650.9
63722.4
63793.9
63865.4
63936.9
64008.4
64079.9
64151.4
64223
64294.5
64366
64437.5
64509
64580.5
64652
64723.5
64795
64866.5
64938
65009.5
65081
65152.5
65224
65295.5
65367
65438.5
65510
65581.5
65653
65724.5
65796
65867.5
65939
66010.5
66082
66153.5
66225
66296.5
66368
66439.5
66511
66582.5
66654
66725.5
66797
66868.5
66940
67011.5
67083
67154.5
67226
67297.5
67369
67440.5
67512
67583.5
67655.1
67726.6
67734.7
67742.8
67751
67759.1
67767.3
67775.4
67783.6
67791.7
67799.9
67808
67816.1
67824.3
67832.4
67840.6
67848.7
67856.9
67865
67873.2
67881.3
67889.4
67897.6
67905.7
67913.9
67922
67930.2
67938.3
67946.5
67954.6
67962.8
67970.9
67979
67987.2
67995.3
68003.5
68011.6
68019.8
68027.9
68036.1
68044.2
68052.3
68060.5
68068.6
68076.8
68084.9
68093.1
68101.2
68109.4
68117.5
68125.6
68133.8
68141.9
68150.1
68158.2
68166.4
68174.5
68182.7
68190.8
68199
68207.1
68215.2
68223.4
68231.5
68239.7
68247.8
68256
68264.1
68272.3
68280.4
68288.5
68296.7
68304.8
68313
68321.1
68329.3
68337.4
68345.6
68353.7
68361.8
68370
68378.1
68386.3
68394.4
68402.6
68410.7
68418.9
68427
68435.1
68443.3
68451.4
68459.6
68467.7
68475.9
68484
68492.2
68500.3
68508.5
68516.6
68524.7
68532.9
68541
66511
64480.9
62450.9
60420.9
58390.8
56360.8
54330.7
52300.7
50270.7
48240.6
46210.6
44180.5
42150.5
40120.5
38090.4
36060.4
34030.3
32171.7
30498.7
28830
27467.6
27045.5
26716.1
26386.8
26283.4
26208.6
26133.7
26058.9
25984
25909.2
25834.4
25759.5
25684.7
25609.8
25535
25460.1
25385.3
25310.4
25235.6
25160.7
25085.9
25011
24936.2
24861.3
24786.5
24711.6
24636.8
24561.9
24487.1
24412.3
24337.4
24262.6
24187.7
24112.9
24038
23963.2
23888.3
23813.5
23738.6
23663.8
23588.9
23514.1
23439.2
23364.4
23289.5
23214.7
23139.9
23065
22990.2
22915.3
22840.5
22765.6
22690.8
22615.9
22541.1
22466.2
22391.4
22316.5
22241.7
22166.8
22092
22017.1
21942.3
21867.4
21792.6
21717.8
21642.9
21568.1
21493.2
21418.4
21343.5
21268.7
21193.8
21119
21044.1
20969.3
20894.4
20819.6
20744.7
20669.9
20595
20520.2
20445.3
20370.5
20295.7
20220.8
20146
20071.1
19996.3
19921.4
19846.6
19771.7
19696.9
19622
19547.2
19472.3
19397.5
19322.6
19247.8
19172.9
19098.1
19023.2
18948.4
18873.6
18798.7
18723.9
18649
18574.2
18499.3
18424.5
18349.6
18274.8
18199.9
18125.1
18050.2
17975.4
17900.5
17825.7
17750.8
17676
17601.2
17526.3
17451.5
17376.6
17301.8
17226.9
17152.1
17077.2
17002.4
16927.5
16852.7
16777.8
16703
16628.1
16553.3
16478.4
16403.6
16328.7
16253.9
16179.1
16104.2
16029.4
15954.5
15879.7
15804.8
15730
15655.1
15580.3
15505.4
15430.6
15355.7
15280.9
15206
15131.2
15056.3
14981.5
14906.6
14831.8
14757
14682.1
14607.3
14532.4
14457.6
14382.7
14307.9
14233
14158.2
14083.3
14008.5
13933.6
13858.8
13783.9
13709.1
13634.2
13559.4
13484.6
13409.7
13334.9
13260
13185.2
13110.3
13035.5
12960.6
12885.8
12810.9
12736.1
12661.2
12586.4
12511.5
12436.7
12361.8
12287
12212.1
12137.3
12062.5
11987.6
11912.8
11837.9
11763.1
11688.2
11613.4
11538.5
11463.7
11388.8
11314
11239.1
11164.3
11089.4
11014.6
10939.7
10864.9
10790
10715.2
10640.4
10565.5
10490.7
10415.8
10341
10266.1
10191.3
10116.4
10041.6
9966.73
9891.88
9817.03
9742.19
9667.34
9592.49
9517.64
9442.8
9367.95
9293.1
9218.26
9143.41
9068.56
8993.71
8918.87
8844.02
8769.17
8694.32
8619.48
8544.63
8469.78
8394.94
8320.09
8245.24
8170.39
8095.55
8020.7
7945.85
7871
7796.16
7721.31
7646.46
7571.61
7496.77
7421.92
7347.07
7272.23
7197.38
7122.53
7047.68
6972.84
6897.99
6823.14
6748.29
6673.45
6598.6
6523.75
6448.91
6374.06
6299.21
6224.36
6149.52
6074.67
5999.82
5924.97
5850.13
5775.28
5700.43
5625.59
5550.74
5475.89
5401.04
5326.2
5251.35
5176.5
5101.65
5026.81
4951.96
4877.11
4802.27
4727.42
4652.57
4577.72
4502.88
4428.03
4353.18
4278.33
4203.49
4128.64
4053.79
3978.95
3904.1
3829.25
3754.4
3679.56
3604.71
3529.86
3455.01
3380.17
3305.32
3230.47
3155.63
3080.78
3005.93
2931.08
2856.24
2781.39
2706.54
2631.69
2556.85
2482
2407.15
2332.3
2257.46
2182.61
2107.76
2032.92
1958.07
1883.22
1808.37
1733.53
1658.68
1583.83
1508.98
1434.14
1359.29
1284.44
1209.6
1134.75
1059.9
985.054
910.207
835.359
760.512
685.665
610.817
535.97
461.123
386.276
311.428
236.581
161.734
86.8864
12.0392
-62.8081
-137.655
-212.503
-287.35
-362.197
-437.045
-511.892
-586.739
-661.586
-736.434
-811.281
-886.128
-960.976
-1035.82
-1110.67
-1185.52
-1260.36
-1335.21
-1410.06
-1484.91
-1559.75
-1634.6
-1709.45
-1784.3
-1859.14
-1933.99
-2008.84
-2083.68
-2158.53
-2233.38
-2308.23
-2383.07
-2457.92
-2532.77
-2607.62
-2682.46
-2757.31
-2832.16
-2907
-2981.85
-3056.7
-3131.55
-3206.39
-3281.24
-3356.09
-3430.94
-3505.78
-3580.63
-3655.48
-3730.33
-3805.17
-3880.02
-3954.87
-4029.71
-4104.56
-4179.41
-4254.26
-4329.1
-4403.95
-4478.8
-4553.65
-4628.49
-4703.34
-4778.19
-4853.03
-4927.88
-5002.73
-5077.58
-5152.42
-5227.27
-5302.12
-5376.97
-5451.81
-5526.66
-5601.51
-5676.35
-5751.2
-5826.05
-5900.9
-5975.74
-6050.59
-6125.44
-6200.29
-6275.13
-6349.98
-6424.83
-6499.67
-6574.52
-6649.37
-6724.22
-6799.06
-6873.91
-6948.76
-7023.61
-7098.45
-7173.3
-7248.15
-7322.99
-7397.84
-7472.69
-7547.54
-7622.38
-7697.23
-7772.08
-7846.93
-7921.77
-7996.62
-8071.47
-8146.31
-8221.16
-8296.01
-8370.86
-8445.7
-8520.55
-8595.4
-8670.25
-8745.09
-8819.94
-8894.79
-8969.63
-9044.48
-9119.33
-9194.18
-9269.02
-9343.87
-9418.72
-9493.57
-9568.41
-9643.26
-9718.11
-9792.96
-9867.8
-9942.65
-10017.5
-10092.3
-10167.2
-10242
-10316.9
-10391.7
-10466.6
-10541.4
-10616.3
-10691.1
-10766
-10840.8
-10915.7
-10990.5
-11065.4
-11140.2
-11215.1
-11289.9
-11364.7
-11439.6
-11514.4
-11589.3
-11664.1
-11739
-11813.8
-11888.7
-11963.5
-12038.4
-12113.2
-12188.1
-12262.9
-12337.8
-12412.6
-12487.5
-12562.3
-12637.2
-12712
-12786.8
-12861.7
-12936.5
-13011.4
-13086.2
-13161.1
-13235.9
-13310.8
-13385.6
-13460.5
-13535.3
-13610.2
-13685
-13759.9
-13834.7
-13909.6
-13984.4
-14059.3
-14134.1
-14208.9
-14283.8
-14358.6
-14433.5
-14508.3
-14583.2
-14658
-14732.9
-14807.7
-14882.6
-14957.4
-15032.3
-15107.1
-15182
-15256.8
-15331.7
-15406.5
-15481.3
-15556.2
-15631
-15705.9
-15780.7
-15855.6
-15930.4
-16005.3
-16080.1
-16155
-16229.8
-16304.7
-16379.5
-16454.4
-16529.2
-16604.1
-16678.9
-16753.8
-16828.6
-16903.4
-16978.3
-17053.1
-17128
-17202.8
-17277.7
-17352.5
-17427.4
-17502.2
-17577.1
-17651.9
-17726.8
-17801.6
-17876.5
-17951.3
-18026.2
-18101
-18175.9
-18250.7
-18325.5
-18400.4
-18475.2
-18550.1
-18624.9
-18699.8
-18774.6
-18849.5
-18924.3
-18999.2
-19074
-19148.9
-19223.7
-19298.6
-19373.4
-19448.3
-19523.1
-19597.9
-19672.8
-19747.6
-19822.5
-19897.3
-19972.2
-20047
-20121.9
-20196.7
-20271.6
-20346.4
-20421.3
-20496.1
-20571
-20645.8
-20720.7
-20795.5
-20870.4
-20945.2
-21020
-21094.9
-21169.7
-21244.6
-21319.4
-21394.3
-21469.1
-21544
-21618.8
-21693.7
-21768.5
-21843.4
-21918.2
-21993.1
-22067.9
-22142.8
-22217.6
-22292.5
-22367.3
-22442.1
-22517
-22591.8
-22666.7
-22741.5
-22816.4
-22891.2
-22966.1
-23040.9
-23115.8
-23190.6
-23265.5
-23340.3
-23415.2
-23490
-23564.9
-23639.7
-23714.6
-23789.4
-23864.2
-23939.1
-24013.9
-24088.8
-24163.6
-24238.5
